www.jjyu.co.kr/apple-icon,https://www.jjyu.co.kr/favicon.svg,301
www.jjyu.co.kr/category-sitemap.xml,https://www.jjyu.co.kr/sitemap.xml,301
www.jjyu.co.kr/category/%C3%AC%C2%A0%C2%95%C3%AB%C2%B6%C2%80%C3%AC%C2%A7%C2%80%C3%AC%C2%9B%C2%90%C3%AA%C2%B8%C2%88,https://www.jjyu.co.kr/category/%EB%B3%B5%EC%A7%80,301
www.jjyu.co.kr/guides,https://www.jjyu.co.kr/,301
www.jjyu.co.kr/icon,https://www.jjyu.co.kr/favicon.svg,301
www.jjyu.co.kr/icon-192,https://www.jjyu.co.kr/favicon.svg,301
www.jjyu.co.kr/icon-512,https://www.jjyu.co.kr/favicon.svg,301
www.jjyu.co.kr/page-sitemap.xml,https://www.jjyu.co.kr/sitemap.xml,301
www.jjyu.co.kr/post-sitemap1.xml,https://www.jjyu.co.kr/sitemap.xml,301
www.jjyu.co.kr/post_tag-sitemap.xml,https://www.jjyu.co.kr/sitemap.xml,301
www.jjyu.co.kr/search,https://www.jjyu.co.kr/,301
www.jjyu.co.kr/trends,https://www.jjyu.co.kr/,301
www.jjyu.co.kr/w,https://www.jjyu.co.kr/,301
www.jjyu.co.kr/w/%C3%AB%C2%AF%C2%B8%C3%AD%C2%99%C2%98%C3%AA%C2%B8%C2%89%C3%AA%C2%B8%C2%88-%C3%AC%C2%A1%C2%B0%C3%AD%C2%9A%C2%8C,https://www.jjyu.co.kr/w/%EB%AF%B8%ED%99%98%EA%B8%89%EA%B8%88-%EC%A1%B0%ED%9A%8C,301
www.jjyu.co.kr/w/13%EC%9B%94%EC%9D%98%20%EC%9B%94%EA%B8%89,https://www.jjyu.co.kr/w/%EC%97%B0%EB%A7%90%EC%A0%95%EC%82%B0,301
www.jjyu.co.kr/w/1%EC%84%B8%EB%8C%801%EC%A3%BC%ED%83%9D%20%EC%96%91%EB%8F%84%EC%86%8C%EB%93%9D%EC%84%B8%20%EB%B9%84%EA%B3%BC%EC%84%B8,https://www.jjyu.co.kr/w/1%EC%84%B8%EB%8C%801%EC%A3%BC%ED%83%9D-%EC%96%91%EB%8F%84%EC%86%8C%EB%93%9D%EC%84%B8-%EB%B9%84%EA%B3%BC%EC%84%B8-%EC%A1%B0%EC%A0%95%EC%A7%80%EC%97%AD-%EA%B1%B0%EC%A3%BC%EC%9A%94%EA%B1%B4,301
www.jjyu.co.kr/w/2025%EB%85%84,https://www.jjyu.co.kr/w/%EA%B7%BC%EB%A1%9C%EC%9E%A5%EB%A0%A4%EA%B8%88,301
www.jjyu.co.kr/w/2026%EB%85%84%20%ED%95%99%EC%9E%90%EA%B8%88%20%EB%8C%80%EC%B6%9C,https://www.jjyu.co.kr/w/%ED%95%99%EC%9E%90%EA%B8%88-%EB%8C%80%EC%B6%9C-%EA%B8%88%EB%A6%AC-%EC%83%9D%ED%99%9C%EB%B9%84-%EB%8C%80%EC%B6%9C-%ED%95%9C%EB%8F%84,301
www.jjyu.co.kr/w/4%EB%8C%80%EB%B3%B4%ED%97%98-%EA%B3%84%EC%82%B0%EA%B8%B0,https://www.jjyu.co.kr/w/4%EB%8C%80%EB%B3%B4%ED%97%98,301
www.jjyu.co.kr/w/72%EC%9D%98%20%EB%B2%95%EC%B9%99,https://www.jjyu.co.kr/w/%EB%B3%B5%EB%A6%AC-%EA%B3%84%EC%82%B0%EA%B8%B0,301
www.jjyu.co.kr/w/DB%20DC%20%EC%9E%A5%EB%8B%A8%EC%A0%90,https://www.jjyu.co.kr/w/%ED%87%B4%EC%A7%81%EC%97%B0%EA%B8%88-DB-DC-IRP-%EB%B9%84%EA%B5%90,301
www.jjyu.co.kr/w/DB%ED%98%95%20%ED%87%B4%EC%A7%81%EC%97%B0%EA%B8%88,https://www.jjyu.co.kr/w/%ED%87%B4%EC%A7%81%EC%97%B0%EA%B8%88-%EC%A2%85%EB%A5%98,301
www.jjyu.co.kr/w/DC%ED%98%95%20%EC%A0%81%EB%A6%BD%EA%B8%88%20%EC%A1%B0%ED%9A%8C,https://www.jjyu.co.kr/w/%ED%87%B4%EC%A7%81%EC%97%B0%EA%B8%88-%EC%A0%81%EB%A6%BD%EA%B8%88-%EC%A1%B0%ED%9A%8C,301
www.jjyu.co.kr/w/DC%ED%98%95%20%EC%A4%91%EB%8F%84%20%ED%95%B4%EC%A7%80,https://www.jjyu.co.kr/w/%ED%87%B4%EC%A7%81%EC%97%B0%EA%B8%88-%EC%A4%91%EB%8F%84-%ED%95%B4%EC%A7%80-%EC%A0%88%EC%B0%A8-%EC%84%B8%EA%B8%88-%EB%B6%80%EB%8B%B4,301
www.jjyu.co.kr/w/DC%ED%98%95%20%EC%A4%91%EB%8F%84%EC%9D%B8%EC%B6%9C%20%EC%A1%B0%EA%B1%B4,https://www.jjyu.co.kr/w/%ED%87%B4%EC%A7%81%EC%97%B0%EA%B8%88-%ED%95%B4%EC%A7%80,301
www.jjyu.co.kr/w/DC%ED%98%95%20%ED%87%B4%EC%A7%81%EC%97%B0%EA%B8%88,https://www.jjyu.co.kr/w/%ED%87%B4%EC%A7%81%EC%97%B0%EA%B8%88-DC%ED%98%95-%EC%9A%B4%EC%9A%A9,301
www.jjyu.co.kr/w/DSR%2040,https://www.jjyu.co.kr/w/DSR-%EA%B3%84%EC%82%B0%EA%B8%B0,301
www.jjyu.co.kr/w/ICL%20%EC%83%81%ED%99%98%EC%9C%A0%EC%98%88,https://www.jjyu.co.kr/w/%ED%95%99%EC%9E%90%EA%B8%88-%EB%8C%80%EC%B6%9C-%EC%83%81%ED%99%98-%EC%9C%A0%EC%98%88-%EC%8B%A0%EC%B2%AD,301
www.jjyu.co.kr/w/IRP%20%EB%8B%B4%EB%B3%B4%EB%8C%80%EC%B6%9C%20%EC%A1%B0%EA%B1%B4,https://www.jjyu.co.kr/w/%ED%87%B4%EC%A7%81%EC%97%B0%EA%B8%88-%EB%8B%B4%EB%B3%B4%EB%8C%80%EC%B6%9C,301
www.jjyu.co.kr/w/IRP%20%EC%84%B8%EC%95%A1%EA%B3%B5%EC%A0%9C%20%ED%99%98%EA%B8%89,https://www.jjyu.co.kr/w/%EC%A4%91%EA%B0%9C%ED%98%95-IRP-%EC%9E%A5%EC%A0%90-%EC%88%98%EC%88%98%EB%A3%8C-%ED%88%AC%EC%9E%90-%EC%83%81%ED%92%88,301
www.jjyu.co.kr/w/IRP%20%EC%9E%94%EC%95%A1%20%ED%99%95%EC%9D%B8,https://www.jjyu.co.kr/w/%ED%87%B4%EC%A7%81%EC%97%B0%EA%B8%88-%EC%A1%B0%ED%9A%8C,301
www.jjyu.co.kr/w/IRP%20%EC%A4%91%EB%8F%84%ED%95%B4%EC%A7%80%20%EC%84%B8%EA%B8%88,https://www.jjyu.co.kr/w/%ED%87%B4%EC%A7%81%EC%97%B0%EA%B8%88-%ED%95%B4%EC%A7%80,301
www.jjyu.co.kr/w/IRP%20%ED%87%B4%EC%A7%81%EC%97%B0%EA%B8%88,https://www.jjyu.co.kr/w/%ED%87%B4%EC%A7%81%EC%97%B0%EA%B8%88-%EC%A2%85%EB%A5%98,301
www.jjyu.co.kr/w/IRP%20%ED%88%AC%EC%9E%90%20%EC%83%81%ED%92%88%20%EC%84%A0%ED%83%9D,https://www.jjyu.co.kr/w/%EC%A4%91%EA%B0%9C%ED%98%95-IRP-%EC%9E%A5%EC%A0%90-%EC%88%98%EC%88%98%EB%A3%8C-%ED%88%AC%EC%9E%90-%EC%83%81%ED%92%88,301
www.jjyu.co.kr/w/IRP%20%ED%95%B4%EC%A7%80%20%EA%B8%B0%ED%83%80%EC%86%8C%EB%93%9D%EC%84%B8,https://www.jjyu.co.kr/w/%ED%87%B4%EC%A7%81%EC%97%B0%EA%B8%88-%ED%95%B4%EC%A7%80,301
www.jjyu.co.kr/w/ISA%20%EA%B3%84%EC%A2%8C%20%EA%B0%9C%EC%84%A4%20%EC%A1%B0%EA%B1%B4,https://www.jjyu.co.kr/w/ISA%EA%B3%84%EC%A2%8C-%EA%B0%9C%EC%84%A4,301
www.jjyu.co.kr/w/ISA%20%EA%B3%84%EC%A2%8C%20%EB%B9%84%EA%B3%BC%EC%84%B8%20%ED%95%9C%EB%8F%84,https://www.jjyu.co.kr/w/ISA%EA%B3%84%EC%A2%8C-%EC%84%B8%EA%B8%88%ED%98%9C%ED%83%9D,301
www.jjyu.co.kr/w/ISA%20%EA%B3%84%EC%A2%8C%20%EC%84%B8%EA%B8%88%20%EA%B3%84%EC%82%B0,https://www.jjyu.co.kr/w/ISA%EA%B3%84%EC%A2%8C-%EC%84%B8%EA%B8%88%ED%98%9C%ED%83%9D,301
www.jjyu.co.kr/w/ISA%20%EA%B3%84%EC%A2%8C%20%EC%84%B8%EA%B8%88%20%EC%A0%88%EC%84%B8,https://www.jjyu.co.kr/w/ISA%EA%B3%84%EC%A2%8C-%EC%84%B8%EA%B8%88%ED%98%9C%ED%83%9D,301
www.jjyu.co.kr/w/ISA%20%EA%B3%84%EC%A2%8C%20%EC%8B%A0%EC%B2%AD%20%EB%B0%A9%EB%B2%95,https://www.jjyu.co.kr/w/ISA%EA%B3%84%EC%A2%8C-%EA%B0%9C%EC%84%A4,301
www.jjyu.co.kr/w/ISA%20%EA%B3%84%EC%A2%8C%20%EC%A0%88%EC%84%B8%20%ED%9A%A8%EA%B3%BC,https://www.jjyu.co.kr/w/ISA%EA%B3%84%EC%A2%8C-%EC%84%B8%EA%B8%88%ED%98%9C%ED%83%9D,301
www.jjyu.co.kr/w/ISA%20%EA%B3%84%EC%A2%8C%20%ED%95%84%EC%9A%94%20%EC%84%9C%EB%A5%98,https://www.jjyu.co.kr/w/ISA%EA%B3%84%EC%A2%8C-%EA%B0%9C%EC%84%A4,301
www.jjyu.co.kr/w/KTX%20%ED%99%98%EB%B6%88%20%EC%88%98%EC%88%98%EB%A3%8C,https://www.jjyu.co.kr/w/KTX-SRT-%EC%8A%B9%EC%B0%A8%EA%B6%8C-%ED%99%98%EB%B6%88-%EC%9C%84%EC%95%BD%EA%B8%88-%EC%88%98%EC%88%98%EB%A3%8C,301
www.jjyu.co.kr/w/SRT%20%EC%B7%A8%EC%86%8C%20%EC%9C%84%EC%95%BD%EA%B8%88,https://www.jjyu.co.kr/w/KTX-SRT-%EC%8A%B9%EC%B0%A8%EA%B6%8C-%ED%99%98%EB%B6%88-%EC%9C%84%EC%95%BD%EA%B8%88-%EC%88%98%EC%88%98%EB%A3%8C,301
www.jjyu.co.kr/w/TDF%202050%202040,https://www.jjyu.co.kr/w/%ED%87%B4%EC%A7%81%EC%97%B0%EA%B8%88-TDF-%ED%83%80%EA%B2%9F%EB%8D%B0%EC%9D%B4%ED%8A%B8%ED%8E%80%EB%93%9C-%EC%84%A0%ED%83%9D-%EC%A0%84%EB%9E%B5,301
www.jjyu.co.kr/w/db%ED%98%95%20dc%ED%98%95%20%EB%B9%84%EA%B5%90,https://www.jjyu.co.kr/w/%ED%87%B4%EC%A7%81%EC%97%B0%EA%B8%88-db-dc-%EC%B0%A8%EC%9D%B4,301
www.jjyu.co.kr/w/db%ED%98%95%20dc%ED%98%95%20%EC%B0%A8%EC%9D%B4,https://www.jjyu.co.kr/w/%ED%87%B4%EC%A7%81%EC%97%B0%EA%B8%88-db-dc-%EC%B0%A8%EC%9D%B4,301
www.jjyu.co.kr/w/dc%ED%98%95%20etf,https://www.jjyu.co.kr/w/%ED%87%B4%EC%A7%81%EC%97%B0%EA%B8%88-dc%ED%98%95-etf-%EC%B6%94%EC%B2%9C,301
www.jjyu.co.kr/w/dc%ED%98%95%20%EB%B0%B0%EB%8B%B9%20etf,https://www.jjyu.co.kr/w/%ED%87%B4%EC%A7%81%EC%97%B0%EA%B8%88-%EB%B0%B0%EB%8B%B9-etf-%EC%B6%94%EC%B2%9C,301
www.jjyu.co.kr/w/dc%ED%98%95%20%EC%A4%91%EB%8F%84%EC%9D%B8%EC%B6%9C%20%EC%84%9C%EB%A5%98,https://www.jjyu.co.kr/w/%ED%87%B4%EC%A7%81%EC%97%B0%EA%B8%88-%EC%A4%91%EB%8F%84%EC%9D%B8%EC%B6%9C-%EC%84%9C%EB%A5%98,301
www.jjyu.co.kr/w/dc%ED%98%95%20%ED%88%AC%EC%9E%90,https://www.jjyu.co.kr/w/%ED%87%B4%EC%A7%81%EC%97%B0%EA%B8%88-dc%ED%98%95-etf-%EC%B6%94%EC%B2%9C,301
www.jjyu.co.kr/w/helplaw24,https://www.jjyu.co.kr/w/%ED%97%AC%ED%94%84%EB%B2%9524-%EB%B2%95%EB%A5%A0%EA%B5%AC%EC%A1%B0-%EC%84%9C%EB%B9%84%EC%8A%A4-%ED%86%B5%ED%95%A9-%ED%94%8C%EB%9E%AB%ED%8F%BC,301
www.jjyu.co.kr/w/irp%20%EB%AF%B8%EA%B5%AD%20etf,https://www.jjyu.co.kr/w/%ED%87%B4%EC%A7%81%EC%97%B0%EA%B8%88-%EB%AF%B8%EA%B5%AD-etf-%EC%B6%94%EC%B2%9C,301
www.jjyu.co.kr/w/irp%20%EB%B0%B0%EB%8B%B9%20etf,https://www.jjyu.co.kr/w/%ED%87%B4%EC%A7%81%EC%97%B0%EA%B8%88-%EB%B0%B0%EB%8B%B9-etf-%EC%B6%94%EC%B2%9C,301
www.jjyu.co.kr/w/irp%20%EC%95%88%EC%A0%84%EC%9E%90%EC%82%B0%20etf,https://www.jjyu.co.kr/w/%ED%87%B4%EC%A7%81%EC%97%B0%EA%B8%88-%EC%95%88%EC%A0%84%EC%9E%90%EC%82%B0-etf-%EC%B6%94%EC%B2%9C,301
www.jjyu.co.kr/w/irp%20%EC%9B%94%EC%84%B8%EB%B3%B4%EC%A6%9D%EA%B8%88%20%EC%9D%B8%EC%B6%9C,https://www.jjyu.co.kr/w/%ED%87%B4%EC%A7%81%EC%97%B0%EA%B8%88-%EC%A4%91%EB%8F%84%EC%9D%B8%EC%B6%9C-%EC%9B%94%EC%84%B8%EB%B3%B4%EC%A6%9D%EA%B8%88,301
www.jjyu.co.kr/w/irp%20%EC%A4%91%EB%8F%84%EC%9D%B8%EC%B6%9C%20%EC%84%9C%EB%A5%98,https://www.jjyu.co.kr/w/%ED%87%B4%EC%A7%81%EC%97%B0%EA%B8%88-%EC%A4%91%EB%8F%84%EC%9D%B8%EC%B6%9C-%EC%84%9C%EB%A5%98,301
www.jjyu.co.kr/w/m2%20%ED%8F%89%20%EB%B3%80%ED%99%98,https://www.jjyu.co.kr/w/%ED%8F%89%EC%88%98-%EA%B3%84%EC%82%B0%EA%B8%B0,301
www.jjyu.co.kr/w/%EA%B0%80%EC%95%95%EB%A5%98%20%EB%B9%84%EC%9A%A9,https://www.jjyu.co.kr/w/%EA%B0%80%EC%95%95%EB%A5%98-%EC%8B%A0%EC%B2%AD-%EC%9D%B8%EC%A7%80%EB%8C%80-%EA%B8%88%EC%95%A1,301
www.jjyu.co.kr/w/%EA%B0%80%EC%95%95%EB%A5%98%20%EC%8B%A0%EC%B2%AD%20%EB%B9%84%EC%9A%A9,https://www.jjyu.co.kr/w/%EA%B0%80%EC%95%95%EB%A5%98-%EC%8B%A0%EC%B2%AD-%EC%9D%B8%EC%A7%80-%EA%B8%88%EC%95%A1,301
www.jjyu.co.kr/w/%EA%B0%80%EC%95%95%EB%A5%98%20%EC%8B%A0%EC%B2%AD%20%EC%9D%B8%EC%A7%80%EB%8C%80,https://www.jjyu.co.kr/w/%EA%B0%80%EC%95%95%EB%A5%98-%EC%8B%A0%EC%B2%AD-%EC%9D%B8%EC%A7%80%EB%8C%80-%EA%B8%88%EC%95%A1,301
www.jjyu.co.kr/w/%EA%B0%80%EC%95%95%EB%A5%98%20%EC%9D%B8%EC%A7%80%EB%8C%80%20%EA%B3%84%EC%82%B0,https://www.jjyu.co.kr/w/%EA%B0%80%EC%95%95%EB%A5%98-%EC%8B%A0%EC%B2%AD-%EC%9D%B8%EC%A7%80%EB%8C%80-%EA%B8%88%EC%95%A1,301
www.jjyu.co.kr/w/%EA%B0%80%EC%95%95%EB%A5%98%20%EC%A7%91%ED%96%89%20%EC%83%81%EC%86%8D%EC%9D%B8,https://www.jjyu.co.kr/w/%EA%B0%80%EC%95%95%EB%A5%98-%EC%8B%A0%EC%B2%AD-%ED%9B%84-%EC%B1%84%EB%AC%B4%EC%9E%90-%EC%82%AC%EB%A7%9D-%EC%8A%B9%EA%B3%84%EC%A7%91%ED%96%89%EB%AC%B8,301
www.jjyu.co.kr/w/%EA%B0%80%EC%95%95%EB%A5%98%20%ED%9B%84%20%EC%B1%84%EB%AC%B4%EC%9E%90%20%EC%82%AC%EB%A7%9D,https://www.jjyu.co.kr/w/%EA%B0%80%EC%95%95%EB%A5%98-%EC%8B%A0%EC%B2%AD-%ED%9B%84-%EC%B1%84%EB%AC%B4%EC%9E%90-%EC%82%AC%EB%A7%9D-%EC%8A%B9%EA%B3%84%EC%A7%91%ED%96%89%EB%AC%B8,301
www.jjyu.co.kr/w/%EA%B0%9C%EB%B0%9C%EC%A0%9C%ED%95%9C%EA%B5%AC%EC%97%AD%20%EA%B1%B4%EC%B6%95,https://www.jjyu.co.kr/w/%ED%86%A0%EC%A7%80-%EC%9A%A9%EB%8F%84%EC%A7%80%EC%97%AD-%EA%B1%B4%EC%B6%95%EC%A0%9C%ED%95%9C-%ED%99%95%EC%9D%B8%EB%B0%A9%EB%B2%95,301
www.jjyu.co.kr/w/%EA%B0%9C%EB%B3%84%EC%86%8C%EB%B9%84%EC%84%B8%20%EC%8B%A0%EA%B3%A0,https://www.jjyu.co.kr/w/%EA%B0%9C%EB%B3%84%EC%86%8C%EB%B9%84%EC%84%B8-%EA%B3%BC%EC%84%B8%EC%9C%A0%ED%9D%A5%EC%9E%A5%EC%86%8C,301
www.jjyu.co.kr/w/%EA%B0%9C%EB%B3%84%EC%86%8C%EB%B9%84%EC%84%B8%20%EC%9C%A0%ED%9D%A5%EC%9E%A5%EC%86%8C,https://www.jjyu.co.kr/w/%EA%B0%9C%EB%B3%84%EC%86%8C%EB%B9%84%EC%84%B8-%EA%B3%BC%EC%84%B8%EC%9C%A0%ED%9D%A5%EC%9E%A5%EC%86%8C,301
www.jjyu.co.kr/w/%EA%B1%B4%EB%AC%BC%20%EC%A4%80%EA%B3%B5%EA%B2%80%EC%82%AC%20%ED%9B%84%20%EA%B8%89%EC%88%98%EA%B4%80%20%EA%B2%80%EC%82%AC,https://www.jjyu.co.kr/w/%EA%B1%B4%EB%AC%BC-%EA%B8%89%EC%88%98%EA%B4%80-%EA%B2%80%EC%82%AC-%EC%8B%9C%EA%B8%B0-%EC%A4%80%EA%B3%B5%EA%B2%80%EC%82%AC-%EC%9D%BC%EB%B0%98%EA%B2%80%EC%82%AC,301
www.jjyu.co.kr/w/%EA%B1%B4%EB%AC%BC%EC%A3%BC%20%EB%B3%80%EA%B2%BD%20%EA%B3%84%EC%95%BD,https://www.jjyu.co.kr/w/%EC%83%81%EA%B0%80-%EA%B1%B4%EB%AC%BC%EC%A3%BC-%EB%B0%94%EB%80%8C%EB%A9%B4-%EA%B3%84%EC%95%BD-%EC%9C%A0%EC%A7%80-%EC%9E%84%EB%8C%80%EC%9D%B8-%EC%8A%B9%EA%B3%84,301
www.jjyu.co.kr/w/%EA%B1%B4%EC%84%A4%20%EC%9D%BC%EC%9A%A9%EC%A7%81%20%EC%8B%A4%EC%97%85%EA%B8%89%EC%97%AC,https://www.jjyu.co.kr/w/%EA%B1%B4%EC%84%A4-%EC%9D%BC%EC%9A%A9%EC%A7%81-%EC%8B%A4%EC%97%85%EA%B8%89%EC%97%AC-%EC%88%98%EA%B8%89-%EC%A1%B0%EA%B1%B4,301
www.jjyu.co.kr/w/%EA%B1%B4%EC%84%A4%EC%9D%BC%EC%9A%A9%EC%A7%81%20%EC%88%98%EA%B8%89%EC%A1%B0%EA%B1%B4,https://www.jjyu.co.kr/w/%EA%B1%B4%EC%84%A4%EC%9D%BC%EC%9A%A9%EC%A7%81-%EC%8B%A4%EC%97%85%EA%B8%89%EC%97%AC-%EC%88%98%EA%B8%89%EC%A1%B0%EA%B1%B4-%EC%A4%91%EB%8B%A8-%EA%B8%B0%EC%A4%80,301
www.jjyu.co.kr/w/%EA%B1%B4%EC%84%A4%EC%9D%BC%EC%9A%A9%EC%A7%81%20%EC%8B%A4%EC%97%85%EA%B8%89%EC%97%AC,https://www.jjyu.co.kr/w/%EA%B1%B4%EC%84%A4%EC%9D%BC%EC%9A%A9%EC%A7%81-%EC%8B%A4%EC%97%85%EA%B8%89%EC%97%AC-%EC%88%98%EA%B8%89%EC%A1%B0%EA%B1%B4-%EC%A4%91%EB%8B%A8-%EA%B8%B0%EC%A4%80,301
www.jjyu.co.kr/w/%EA%B1%B4%EC%84%A4%EC%9D%BC%EC%9A%A9%EC%A7%81%20%ED%94%BC%EB%B3%B4%ED%97%98%EB%8B%A8%EC%9C%84%EA%B8%B0%EA%B0%84,https://www.jjyu.co.kr/w/%EA%B1%B4%EC%84%A4%EC%9D%BC%EC%9A%A9%EC%A7%81-%EC%8B%A4%EC%97%85%EA%B8%89%EC%97%AC-%ED%94%BC%EB%B3%B4%ED%97%98%EB%8B%A8%EC%9C%84%EA%B8%B0%EA%B0%84-%EC%8B%A0%EC%B2%AD,301
www.jjyu.co.kr/w/%EA%B1%B4%EC%B6%95%EB%AC%BC%20%EC%9A%A9%EB%8F%84%EB%B3%80%EA%B2%BD%20%EC%8B%A0%EA%B3%A0,https://www.jjyu.co.kr/w/%EC%83%81%EA%B0%80-%EC%9A%A9%EB%8F%84%EB%B3%80%EA%B2%BD-%EC%9D%8C%EC%8B%9D%EC%A0%90-%EC%82%AC%EB%AC%B4%EC%8B%A4-%EC%A0%88%EC%B0%A8-%EC%A0%9C2%EC%A2%85-%EA%B7%BC%EB%A6%B0%EC%83%9D%ED%99%9C%EC%8B%9C%EC%84%A4,301
www.jjyu.co.kr/w/%EA%B1%B4%EC%B6%95%EB%AC%BC%20%EC%9C%84%EC%83%9D%EA%B4%80%EB%A6%AC,https://www.jjyu.co.kr/w/%EA%B1%B4%EB%AC%BC-%EA%B8%89%EC%88%98%EA%B4%80-%EA%B2%80%EC%82%AC-%EC%8B%9C%EA%B8%B0-%EC%A4%80%EA%B3%B5%EA%B2%80%EC%82%AC-%EC%9D%BC%EB%B0%98%EA%B2%80%EC%82%AC,301
www.jjyu.co.kr/w/%EA%B1%B4%EC%B6%95%ED%97%88%EA%B0%80%20%EC%B0%A9%EA%B3%B5%EC%8B%A0%EA%B3%A0,https://www.jjyu.co.kr/w/%EA%B1%B4%EC%B6%95%ED%97%88%EA%B0%80-%EC%B0%A9%EA%B3%B5%EC%8B%A0%EA%B3%A0-%EC%97%B0%EA%B8%B0-%EA%B8%B0%EA%B0%84,301
www.jjyu.co.kr/w/%EA%B2%BD%EB%A7%A4%20%EB%82%99%EC%B0%B0%20%ED%9B%84%20%EC%A0%88%EC%B0%A8,https://www.jjyu.co.kr/w/%EB%B6%80%EB%8F%99%EC%82%B0-%EA%B2%BD%EB%A7%A4-%EB%A7%A4%EA%B0%81%ED%97%88%EA%B0%80%EA%B2%B0%EC%A0%95-%EB%82%99%EC%B0%B0-%EC%86%8C%EC%9C%A0%EA%B6%8C-%EC%9D%B4%EC%A0%84,301
www.jjyu.co.kr/w/%EA%B2%BD%EB%A7%A4%20%EB%B3%B4%EC%A6%9D%EA%B8%88,https://www.jjyu.co.kr/w/%EC%A0%84%EC%84%B8%EA%B8%88-%EA%B2%BD%EB%A7%A4-%EB%B0%B0%EB%8B%B9,301
www.jjyu.co.kr/w/%EA%B2%BD%EB%A7%A4%20%EB%B3%B4%EC%A6%9D%EA%B8%88%20%EC%9A%B0%EC%84%A0%EB%B3%80%EC%A0%9C%EA%B6%8C,https://www.jjyu.co.kr/w/%EC%A0%84%EC%84%B8-%EC%A7%91%EC%9D%B4-%EA%B2%BD%EB%A7%A4-%EB%84%98%EC%96%B4%EA%B0%80%EB%A9%B4-%EB%B3%B4%EC%A6%9D%EA%B8%88-%EB%8F%8C%EB%A0%A4%EB%B0%9B%EB%82%98%EC%9A%94,301
www.jjyu.co.kr/w/%EA%B2%BD%EB%A7%A4%20%EB%B3%B4%EC%A6%9D%EA%B8%88%20%ED%9A%8C%EC%88%98,https://www.jjyu.co.kr/w/%EC%83%81%EA%B0%80%EC%A3%BC%ED%83%9D-%EC%9E%84%EC%B0%A8%EC%9D%B8-%EB%B3%B4%EC%A6%9D%EA%B8%88-%EA%B2%BD%EB%A7%A4-%EC%B5%9C%EC%9A%B0%EC%84%A0%EB%B3%80%EC%A0%9C%EA%B8%88,301
www.jjyu.co.kr/w/%EA%B2%BD%EB%A7%A4%20%EC%9E%85%EC%B0%B0%20%EC%A0%88%EC%B0%A8,https://www.jjyu.co.kr/w/%EA%B8%B0%EC%9D%BC%EC%9E%85%EC%B0%B0-%EC%A0%88%EC%B0%A8-%EB%B0%A9%EB%B2%95,301
www.jjyu.co.kr/w/%EA%B2%BD%EB%A7%A4%20%ED%98%84%ED%99%A9%EC%A1%B0%EC%82%AC%EB%B3%B4%EA%B3%A0%EC%84%9C,https://www.jjyu.co.kr/w/%EB%B6%80%EB%8F%99%EC%82%B0-%EA%B2%BD%EB%A7%A4-%EC%A0%95%EB%B3%B4-%EC%A1%B0%ED%9A%8C-%EC%82%AC%EC%9D%B4%ED%8A%B8-%EB%A7%A4%EA%B0%81%EB%AC%BC%EA%B1%B4%EB%AA%85%EC%84%B8%EC%84%9C,301
www.jjyu.co.kr/w/%EA%B3%84%EC%95%BD%EA%B0%B1%EC%8B%A0%EC%B2%AD%EA%B5%AC%EA%B6%8C,https://www.jjyu.co.kr/w/%EA%B3%84%EC%95%BD%EA%B0%B1%EC%8B%A0%EC%B2%AD%EA%B5%AC%EA%B6%8C-%ED%96%89%EC%82%AC-%EB%B0%A9%EB%B2%95-%EC%A0%88%EC%B0%A8,301
www.jjyu.co.kr/w/%EA%B3%A0%EA%B0%9D%EC%9D%91%EB%8C%80%EA%B7%BC%EB%A1%9C%EC%9E%90,https://www.jjyu.co.kr/w/%EA%B3%A0%EA%B0%9D%EC%9D%91%EB%8C%80%EA%B7%BC%EB%A1%9C%EC%9E%90-%EC%A0%95%EC%9D%98,301
www.jjyu.co.kr/w/%EA%B3%A0%EA%B0%9D%EC%9D%91%EB%8C%80%EA%B7%BC%EB%A1%9C%EC%9E%90%20%EB%B2%94%EC%9C%84,https://www.jjyu.co.kr/w/%EA%B3%A0%EA%B0%9D%EC%9D%91%EB%8C%80%EA%B7%BC%EB%A1%9C%EC%9E%90-%EC%A0%95%EC%9D%98-%EB%B2%94%EC%9C%84,301
www.jjyu.co.kr/w/%EA%B3%A0%EA%B0%9D%EC%9D%91%EB%8C%80%EA%B7%BC%EB%A1%9C%EC%9E%90%20%EB%B3%B4%ED%98%B8,https://www.jjyu.co.kr/w/%EA%B3%A0%EA%B0%9D%EC%9D%91%EB%8C%80%EA%B7%BC%EB%A1%9C%EC%9E%90-%EC%A0%95%EC%9D%98,301
www.jjyu.co.kr/w/%EA%B3%A0%EA%B0%9D%EC%9D%91%EB%8C%80%EA%B7%BC%EB%A1%9C%EC%9E%90%20%EC%A0%95%EC%9D%98,https://www.jjyu.co.kr/w/%EA%B3%A0%EA%B0%9D%EC%9D%91%EB%8C%80%EA%B7%BC%EB%A1%9C%EC%9E%90-%EC%A0%95%EC%9D%98,301
www.jjyu.co.kr/w/%EA%B3%A0%EC%86%8D%EB%8F%84%EB%A1%9C%20%EB%B2%84%EC%8A%A4%EC%A0%84%EC%9A%A9%EC%B0%A8%EB%A1%9C,https://www.jjyu.co.kr/w/%EA%B3%A0%EC%86%8D%EB%8F%84%EB%A1%9C-%EB%B2%84%EC%8A%A4%EC%A0%84%EC%9A%A9%EC%B0%A8%EB%A1%9C-%EC%9C%84%EB%B0%98-%EA%B3%BC%ED%83%9C%EB%A3%8C,301
www.jjyu.co.kr/w/%EA%B3%A0%EC%9A%A9%EB%85%B8%EB%8F%99%EB%B6%80%20%ED%87%B4%EC%A7%81%EA%B8%88%20%EA%B3%84%EC%82%B0,https://www.jjyu.co.kr/w/%ED%87%B4%EC%A7%81%EA%B8%88-%EA%B3%84%EC%82%B0%EA%B8%B0-%EA%B3%A0%EC%9A%A9%EB%85%B8%EB%8F%99%EB%B6%80,301
www.jjyu.co.kr/w/%EA%B3%A0%EC%9A%A9%EB%85%B8%EB%8F%99%EB%B6%80%20%ED%87%B4%EC%A7%81%EA%B8%88%20%EC%A1%B0%ED%9A%8C,https://www.jjyu.co.kr/w/%ED%87%B4%EC%A7%81%EA%B8%88-%EA%B3%84%EC%82%B0%EA%B8%B0-%EA%B3%A0%EC%9A%A9%EB%85%B8%EB%8F%99%EB%B6%80,301
www.jjyu.co.kr/w/%EA%B3%A0%EC%9A%A9%EB%B3%B4%ED%97%98%20%EB%AF%B8%EA%B0%80%EC%9E%85,https://www.jjyu.co.kr/w/%EA%B3%A0%EC%9A%A9%EB%B3%B4%ED%97%98-%EB%AF%B8%EA%B0%80%EC%9E%85-%EC%8B%A4%EC%97%85%EA%B8%89%EC%97%AC-%EC%86%8C%EA%B8%89%EA%B0%80%EC%9E%85,301
www.jjyu.co.kr/w/%EA%B3%A0%EC%9A%A9%EB%B3%B4%ED%97%98%20%EC%86%8C%EA%B8%89%EA%B0%80%EC%9E%85,https://www.jjyu.co.kr/w/%EA%B3%A0%EC%9A%A9%EB%B3%B4%ED%97%98-%EB%AF%B8%EA%B0%80%EC%9E%85-%EC%8B%A4%EC%97%85%EA%B8%89%EC%97%AC-%EC%86%8C%EA%B8%89%EA%B0%80%EC%9E%85,301
www.jjyu.co.kr/w/%EA%B3%BC%EC%84%B8%EC%9C%A0%ED%9D%A5%EC%9E%A5%EC%86%8C%20%EC%8B%A0%EA%B3%A0,https://www.jjyu.co.kr/w/%EA%B0%9C%EB%B3%84%EC%86%8C%EB%B9%84%EC%84%B8-%EA%B3%BC%EC%84%B8%EC%9C%A0%ED%9D%A5%EC%9E%A5%EC%86%8C,301
www.jjyu.co.kr/w/%EA%B3%BC%ED%83%9C%EB%A3%8C%20%EA%B0%90%EA%B2%BD,https://www.jjyu.co.kr/w/%EC%A0%84%EC%9B%94%EC%84%B8%EC%8B%A0%EA%B3%A0-%EA%B3%BC%ED%83%9C%EB%A3%8C,301
www.jjyu.co.kr/w/%EA%B5%AC%EC%A7%81%ED%99%9C%EB%8F%99%20%EC%9D%B8%EC%A0%95,https://www.jjyu.co.kr/w/%EC%8B%A4%EC%97%85%EA%B8%89%EC%97%AC-%EC%9E%AC%EC%B7%A8%EC%97%85%ED%99%9C%EB%8F%99-%EC%9D%B8%EC%A0%95,301
www.jjyu.co.kr/w/%EA%B5%AD%EB%AF%BC%EC%97%B0%EA%B8%88%20%EA%B3%84%EC%82%B0%EA%B8%B0,https://www.jjyu.co.kr/w/%EA%B5%AD%EB%AF%BC%EC%97%B0%EA%B8%88-%EC%88%98%EB%A0%B9%EC%95%A1-%EA%B3%84%EC%82%B0%EA%B8%B0,301
www.jjyu.co.kr/w/%EA%B5%AD%EB%AF%BC%EC%97%B0%EA%B8%88%20%EB%82%A9%EB%B6%80%EC%9C%A0%EC%98%88,https://www.jjyu.co.kr/w/%EC%8B%A4%EC%97%85%EA%B8%89%EC%97%AC-%EA%B5%AD%EB%AF%BC%EC%97%B0%EA%B8%88-%EB%82%A9%EB%B6%80%EC%9C%A0%EC%98%88,301
www.jjyu.co.kr/w/%EA%B5%AD%EB%AF%BC%EC%97%B0%EA%B8%88%20%EC%88%98%EB%A0%B9%EC%95%A1,https://www.jjyu.co.kr/w/%EA%B5%AD%EB%AF%BC%EC%97%B0%EA%B8%88-%EC%88%98%EB%A0%B9%EC%95%A1-%EA%B3%84%EC%82%B0%EA%B8%B0,301
www.jjyu.co.kr/w/%EA%B5%AD%EB%AF%BC%ED%96%89%EB%B3%B5%EC%B9%B4%EB%93%9C%20%EC%B2%AB%EB%A7%8C%EB%82%A8%EC%9D%B4%EC%9A%A9%EA%B6%8C,https://www.jjyu.co.kr/w/%EC%B2%AB%EB%A7%8C%EB%82%A8-%EC%9D%B4%EC%9A%A9%EA%B6%8C-%EB%B0%94%EC%9A%B0%EC%B2%98-%EC%82%AC%EC%9A%A9%EC%B2%98-%EB%B0%8F-%EC%9E%94%EC%95%A1-%EC%A1%B0%ED%9A%8C,301
www.jjyu.co.kr/w/%EA%B6%8C%EA%B3%A0%EC%82%AC%EC%A7%81%20%EC%8B%A4%EC%97%85%EA%B8%89%EC%97%AC%20%EC%88%98%EA%B8%89,https://www.jjyu.co.kr/w/%EA%B6%8C%EA%B3%A0%EC%82%AC%EC%A7%81-%EC%9C%84%EB%A1%9C%EA%B8%88-%EA%B3%84%EC%82%B0-%EC%8B%A4%EC%97%85%EA%B8%89%EC%97%AC-%EB%B6%80%EC%A0%95%EC%88%98%EA%B8%89-%EC%A3%BC%EC%9D%98,301
www.jjyu.co.kr/w/%EA%B6%8C%EA%B3%A0%EC%82%AC%EC%A7%81%20%EC%9C%84%EB%A1%9C%EA%B8%88%20%EA%B3%84%EC%82%B0,https://www.jjyu.co.kr/w/%EA%B6%8C%EA%B3%A0%EC%82%AC%EC%A7%81-%EC%9C%84%EB%A1%9C%EA%B8%88-%EA%B3%84%EC%82%B0-%EC%8B%A4%EC%97%85%EA%B8%89%EC%97%AC-%EB%B6%80%EC%A0%95%EC%88%98%EA%B8%89-%EC%A3%BC%EC%9D%98,301
www.jjyu.co.kr/w/%EA%B7%BC%EB%A1%9C%EA%B3%84%EC%95%BD%EC%84%9C%20%EC%9E%91%EC%84%B1%20%EA%B8%B0%EC%A4%80,https://www.jjyu.co.kr/w/%EC%9E%AC%ED%83%9D%EA%B7%BC%EB%AC%B4-%EA%B7%BC%EB%A1%9C%EA%B3%84%EC%95%BD%EC%84%9C-%EC%9E%91%EC%84%B1-%EA%B8%B0%EC%A4%80-%ED%8F%AC%ED%95%A8-%EB%82%B4%EC%9A%A9-%EC%B2%B4%ED%81%AC%EB%A6%AC%EC%8A%A4%ED%8A%B8,301
www.jjyu.co.kr/w/%EA%B7%BC%EB%A1%9C%EB%82%B4%EC%97%AD%20%EC%A0%9C%EC%B6%9C,https://www.jjyu.co.kr/w/%EC%8B%A4%EC%97%85%EA%B8%89%EC%97%AC-%EB%B0%9B%EC%9C%BC%EB%A9%B4%EC%84%9C-%EC%95%8C%EB%B0%94-%EA%B0%80%EB%8A%A5%EC%97%AC%EB%B6%80,301
www.jjyu.co.kr/w/%EA%B8%88%EC%9C%B5%EA%B0%90%EB%8F%85%EC%9B%90%20%ED%86%B5%ED%95%A9%EC%97%B0%EA%B8%88%ED%8F%AC%ED%84%B8,https://www.jjyu.co.kr/w/%ED%87%B4%EC%A7%81%EC%97%B0%EA%B8%88-%EC%A1%B0%ED%9A%8C,301
www.jjyu.co.kr/w/%EA%B8%89%EC%88%98%EA%B4%80%20%EA%B2%80%EC%82%AC%20%EC%8B%9C%EA%B8%B0,https://www.jjyu.co.kr/w/%EA%B8%89%EC%88%98%EA%B4%80-%EA%B2%80%EC%82%AC-%EC%8B%9C%EA%B8%B0,301
www.jjyu.co.kr/w/%EA%B8%B0%EB%B3%B8%EA%B3%B5%EC%A0%9C%20150%EB%A7%8C%EC%9B%90%20%EC%A1%B0%EA%B1%B4,https://www.jjyu.co.kr/w/%EB%B6%80%EC%96%91%EA%B0%80%EC%A1%B1%EA%B3%B5%EC%A0%9C,301
www.jjyu.co.kr/w/%EA%B8%B0%EC%9D%BC%EC%9E%85%EC%B0%B0,https://www.jjyu.co.kr/w/%EA%B8%B0%EC%9D%BC%EC%9E%85%EC%B0%B0-%EC%A0%88%EC%B0%A8-%EB%B0%A9%EB%B2%95,301
www.jjyu.co.kr/w/%EA%B8%B0%EC%B0%A8%ED%91%9C%20%ED%99%98%EB%B6%88%20%EA%B8%B0%EC%A4%80,https://www.jjyu.co.kr/w/KTX-SRT-%EC%8A%B9%EC%B0%A8%EA%B6%8C-%ED%99%98%EB%B6%88-%EC%9C%84%EC%95%BD%EA%B8%88-%EC%88%98%EC%88%98%EB%A3%8C,301
www.jjyu.co.kr/w/%EA%B8%B0%EC%B4%88%EC%83%9D%ED%99%9C%EC%88%98%EA%B8%89%EC%9E%90%20%EC%86%8C%EB%93%9D%20%EC%9D%B8%EC%A0%95%EC%95%A1,https://www.jjyu.co.kr/w/%EA%B8%B0%EC%B4%88%EC%83%9D%ED%99%9C%EC%88%98%EA%B8%89%EC%9E%90-%EC%83%9D%EA%B3%84%EA%B8%89%EC%97%AC-%EC%A7%80%EA%B8%89%EC%9D%BC-%EB%B0%8F-%EC%86%8C%EB%93%9D-%EC%9D%B8%EC%A0%95%EC%95%A1-%EA%B8%B0%EC%A4%80,301
www.jjyu.co.kr/w/%EA%B8%B0%ED%95%9C,https://www.jjyu.co.kr/w/%EC%8B%A4%EC%97%85%EA%B8%89%EC%97%AC-%EB%AF%B8%EC%A7%80%EA%B8%89-%EC%83%81%EC%86%8D,301
www.jjyu.co.kr/w/%EB%82%B4%EC%9A%A9%EC%A6%9D%EB%AA%85%20%EC%9E%91%EC%84%B1%20%EB%B0%A9%EB%B2%95,https://www.jjyu.co.kr/w/%EC%9E%84%EB%8C%80%EC%B0%A8%EA%B3%84%EC%95%BD-%ED%95%B4%EC%A7%80-%ED%86%B5%EB%B3%B4-%EB%82%B4%EC%9A%A9%EC%A6%9D%EB%AA%85-%EC%9E%91%EC%84%B1-%EB%B0%A9%EB%B2%95,301
www.jjyu.co.kr/w/%EB%85%B8%EB%8F%99%EB%B6%80%20%ED%87%B4%EC%A7%81%EA%B8%88%20%EA%B3%84%EC%82%B0%EA%B8%B0,https://www.jjyu.co.kr/w/%ED%87%B4%EC%A7%81%EA%B8%88-%EA%B3%84%EC%82%B0%EA%B8%B0-%EA%B3%A0%EC%9A%A9%EB%85%B8%EB%8F%99%EB%B6%80,301
www.jjyu.co.kr/w/%EB%85%B8%EB%A0%B9%EC%97%B0%EA%B8%88%20%EA%B3%84%EC%82%B0,https://www.jjyu.co.kr/w/%EA%B5%AD%EB%AF%BC%EC%97%B0%EA%B8%88,301
www.jjyu.co.kr/w/%EB%86%8D%EB%A6%BC%EC%A7%80%EC%97%AD%20%EA%B1%B4%EC%B6%95,https://www.jjyu.co.kr/w/%ED%86%A0%EC%A7%80-%EC%9A%A9%EB%8F%84%EC%A7%80%EC%97%AD-%EA%B1%B4%EC%B6%95%EC%A0%9C%ED%95%9C-%ED%99%95%EC%9D%B8%EB%B0%A9%EB%B2%95,301
www.jjyu.co.kr/w/%EB%86%8D%EC%88%98%EC%82%B0%EB%AC%BC%20%EC%9B%90%EC%82%B0%EC%A7%80%20%EC%8B%A0%EA%B3%A0,https://www.jjyu.co.kr/w/%EB%86%8D%EC%88%98%EC%82%B0%EB%AC%BC-%EC%9B%90%EC%82%B0%EC%A7%80-%ED%91%9C%EC%8B%9C-%EC%9C%84%EB%B0%98-%EC%8B%A0%EA%B3%A0-%ED%8F%AC%EC%83%81%EA%B8%88,301
www.jjyu.co.kr/w/%EB%8B%A4%EA%B0%80%EA%B5%AC%EC%A3%BC%ED%83%9D%20%EC%84%A0%EC%88%9C%EC%9C%84%EB%B3%B4%EC%A6%9D%EA%B8%88%20%EC%A1%B0%ED%9A%8C,https://www.jjyu.co.kr/w/%EB%8B%A4%EA%B0%80%EA%B5%AC%EC%A3%BC%ED%83%9D-%EC%A0%84%EC%84%B8-%EA%B3%84%EC%95%BD%EC%8B%9C-%EC%84%A0%EC%88%9C%EC%9C%84-%EC%9E%84%EC%B0%A8%EC%9D%B8-%ED%99%95%EC%9D%B8-%EB%B0%A9%EB%B2%95,301
www.jjyu.co.kr/w/%EB%8B%A4%EA%B0%80%EA%B5%AC%EC%A3%BC%ED%83%9D%20%EC%A0%84%EC%84%B8%20%EA%B3%84%EC%95%BD%EC%8B%9C%20%EC%A3%BC%EC%9D%98%EC%82%AC%ED%95%AD,https://www.jjyu.co.kr/w/%EB%8B%A4%EA%B0%80%EA%B5%AC%EC%A3%BC%ED%83%9D-%EC%A0%84%EC%84%B8-%EA%B3%84%EC%95%BD%EC%8B%9C-%EC%84%A0%EC%88%9C%EC%9C%84-%EC%9E%84%EC%B0%A8%EC%9D%B8-%ED%99%95%EC%9D%B8-%EB%B0%A9%EB%B2%95,301
www.jjyu.co.kr/w/%EB%8B%A8%EA%B8%B0%EA%B7%BC%EB%A1%9C%EC%9E%90%20%EC%8B%A4%EC%97%85%EA%B8%89%EC%97%AC%20%EC%8B%A0%EC%B2%AD,https://www.jjyu.co.kr/w/%ED%98%B8%ED%85%94-%EA%B3%84%EC%A0%88%EC%A7%81-%EB%8B%A8%EA%B8%B0%EA%B7%BC%EB%A1%9C%EC%9E%90-%EC%8B%A4%EC%97%85%EA%B8%89%EC%97%AC-%EC%8B%A0%EC%B2%AD,301
www.jjyu.co.kr/w/%EB%8C%80%ED%95%AD%EB%A0%A5,https://www.jjyu.co.kr/w/%EC%A3%BC%ED%83%9D%EC%9E%84%EB%8C%80%EC%B0%A8%EB%B3%B4%ED%98%B8%EB%B2%95-%EC%A0%9C3%EC%A1%B0,301
www.jjyu.co.kr/w/%EB%8C%80%ED%95%AD%EB%A0%A5%20%EC%9A%B0%EC%84%A0%EB%B3%80%EC%A0%9C%EA%B6%8C,https://www.jjyu.co.kr/w/%EC%A0%84%EC%9E%85%EC%8B%A0%EA%B3%A0-%ED%99%95%EC%A0%95%EC%9D%BC%EC%9E%90-%EB%8C%80%ED%95%AD%EB%A0%A5-%EC%9A%B0%EC%84%A0%EB%B3%80%EC%A0%9C%EA%B6%8C-%EC%B0%A8%EC%9D%B4,301
www.jjyu.co.kr/w/%EB%8F%99%EB%8C%80%ED%91%9C%20%EC%A0%95%EC%A1%B1%EC%88%98%20%EB%AF%B8%EB%8B%AC,https://www.jjyu.co.kr/w/%EC%9E%85%EC%A3%BC%EC%9E%90%EB%8C%80%ED%91%9C%ED%9A%8C%EC%9D%98-%EA%B3%BC%EB%B0%98%EC%88%98-%EB%AF%B8%EB%8B%AC-%ED%9A%8C%EC%9E%A5-%EC%84%A0%EC%B6%9C,301
www.jjyu.co.kr/w/%EB%93%B1%EA%B8%B0%20%EC%82%AC%EC%9A%A9%EC%9E%90%EB%93%B1%EB%A1%9D%20%EC%A0%88%EC%B0%A8,https://www.jjyu.co.kr/w/%EB%B6%80%EB%8F%99%EC%82%B0%EB%93%B1%EA%B8%B0-%EC%9D%B8%ED%84%B0%EB%84%B7-%EC%8B%A0%EC%B2%AD-%EC%A0%88%EC%B0%A8-%EC%A0%84%EC%9E%90%EC%8B%A0%EC%B2%AD-%EC%82%AC%EC%9A%A9%EC%9E%90%EB%93%B1%EB%A1%9D,301
www.jjyu.co.kr/w/%EB%9D%BC%EC%9D%B4%EB%8D%94%20%EC%82%B0%EC%9E%AC%EC%8B%A0%EC%B2%AD,https://www.jjyu.co.kr/w/%EC%82%B0%EC%9E%AC%EC%B2%98%EB%A6%AC-%EB%B0%B0%EB%8B%AC%EC%95%B1%EC%A2%85%EC%82%AC%EC%9E%90,301
www.jjyu.co.kr/w/%EB%A7%A4%EA%B0%81%EA%B8%B0%EC%9D%BC,https://www.jjyu.co.kr/w/%EA%B8%B0%EC%9D%BC%EC%9E%85%EC%B0%B0-%EC%A0%88%EC%B0%A8-%EB%B0%A9%EB%B2%95,301
www.jjyu.co.kr/w/%EB%A7%A4%EA%B0%81%EB%8C%80%EA%B8%88%20%EB%82%A9%EB%B6%80%20%EA%B8%B0%ED%95%9C,https://www.jjyu.co.kr/w/%EB%B6%80%EB%8F%99%EC%82%B0-%EA%B2%BD%EB%A7%A4-%EB%A7%A4%EA%B0%81%ED%97%88%EA%B0%80%EA%B2%B0%EC%A0%95-%EB%82%99%EC%B0%B0-%EC%86%8C%EC%9C%A0%EA%B6%8C-%EC%9D%B4%EC%A0%84,301
www.jjyu.co.kr/w/%EB%A7%A4%EA%B0%81%EB%AC%BC%EA%B1%B4%EB%AA%85%EC%84%B8%EC%84%9C,https://www.jjyu.co.kr/w/%EB%B6%80%EB%8F%99%EC%82%B0-%EA%B2%BD%EB%A7%A4-%EC%A0%95%EB%B3%B4-%EC%A1%B0%ED%9A%8C-%EC%82%AC%EC%9D%B4%ED%8A%B8-%EB%A7%A4%EA%B0%81%EB%AC%BC%EA%B1%B4%EB%AA%85%EC%84%B8%EC%84%9C,301
www.jjyu.co.kr/w/%EB%AC%B4%EB%8B%A8%20%EC%A0%84%EB%8C%80%EC%B0%A8%20%EA%B3%84%EC%95%BD%ED%95%B4%EC%A7%80,https://www.jjyu.co.kr/w/%EC%A3%BC%ED%83%9D-%EC%9E%84%EB%8C%80%EC%B0%A8-%EC%A0%84%EB%8C%80%EC%B0%A8-%EB%AC%B4%EB%8B%A8-%EC%9B%94%EC%84%B8,301
www.jjyu.co.kr/w/%EB%AC%B5%EC%8B%9C%EC%A0%81%EA%B0%B1%EC%8B%A0%20%EC%A1%B0%EA%B1%B4,https://www.jjyu.co.kr/w/%EC%A0%84%EC%84%B8-%EC%9E%AC%EA%B3%84%EC%95%BD-%EB%AC%B5%EC%8B%9C%EC%A0%81%EA%B0%B1%EC%8B%A0,301
www.jjyu.co.kr/w/%EB%AC%B8%ED%99%94%EB%B9%84%20%EC%86%8C%EB%93%9D%EA%B3%B5%EC%A0%9C%20%ED%97%AC%EC%8A%A4%EC%9E%A5,https://www.jjyu.co.kr/w/%EC%97%B0%EB%A7%90%EC%A0%95%EC%82%B0-%ED%97%AC%EC%8A%A4%EC%9E%A5-%EC%88%98%EC%98%81%EC%9E%A5-%EC%86%8C%EB%93%9D%EA%B3%B5%EC%A0%9C,301
www.jjyu.co.kr/w/%EB%AF%B8%EA%B0%80%EC%9E%85%20%EA%B8%B0%EA%B0%84%20%EC%86%8C%EA%B8%89%20%EC%A0%81%EC%9A%A9,https://www.jjyu.co.kr/w/%EA%B3%A0%EC%9A%A9%EB%B3%B4%ED%97%98-%EB%AF%B8%EA%B0%80%EC%9E%85-%EC%8B%A4%EC%97%85%EA%B8%89%EC%97%AC-%EC%86%8C%EA%B8%89%EA%B0%80%EC%9E%85,301
www.jjyu.co.kr/w/%EB%AF%B8%EB%93%B1%EA%B8%B0%20%EA%B1%B4%EB%AC%BC%20%EA%B0%80%EC%95%95%EB%A5%98,https://www.jjyu.co.kr/w/%EB%AF%B8%EB%93%B1%EA%B8%B0-%EB%B6%80%EB%8F%99%EC%82%B0-%EA%B0%80%EC%95%95%EB%A5%98-%EA%B0%80%EB%8A%A5,301
www.jjyu.co.kr/w/%EB%AF%B8%EB%93%B1%EA%B8%B0%20%EB%B6%80%EB%8F%99%EC%82%B0%20%EA%B0%80%EC%95%95%EB%A5%98,https://www.jjyu.co.kr/w/%EB%AF%B8%EB%93%B1%EA%B8%B0-%EB%B6%80%EB%8F%99%EC%82%B0-%EA%B0%80%EC%95%95%EB%A5%98-%EA%B0%80%EB%8A%A5,301
www.jjyu.co.kr/w/%EB%AF%B8%EB%93%B1%EA%B8%B0%20%ED%86%A0%EC%A7%80%20%EA%B0%80%EC%95%95%EB%A5%98,https://www.jjyu.co.kr/w/%EB%AF%B8%EB%93%B1%EA%B8%B0-%EB%B6%80%EB%8F%99%EC%82%B0-%EA%B0%80%EC%95%95%EB%A5%98-%EA%B0%80%EB%8A%A5,301
www.jjyu.co.kr/w/%EB%AF%B8%EC%82%AC%EC%9A%A9%20%EC%97%B0%EC%B0%A8%EC%88%98%EB%8B%B9%20%ED%87%B4%EC%A7%81%EA%B8%88,https://www.jjyu.co.kr/w/%ED%87%B4%EC%A7%81%EA%B8%88-%EA%B3%84%EC%82%B0%EA%B8%B0-%EC%97%B0%EC%B0%A8%EC%88%98%EB%8B%B9,301
www.jjyu.co.kr/w/%EB%B0%98%EC%A0%84%EC%84%B8,https://www.jjyu.co.kr/w/%EC%9B%94%EC%84%B8%EA%B3%84%EC%95%BD-%EC%A3%BC%EC%9D%98%EC%82%AC%ED%95%AD,301
www.jjyu.co.kr/w/%EB%B0%B0%EB%8B%AC%EC%95%B1%20%EC%82%B0%EC%9E%AC%EB%B3%B4%ED%97%98,https://www.jjyu.co.kr/w/%EC%82%B0%EC%9E%AC%EC%B2%98%EB%A6%AC-%EB%B0%B0%EB%8B%AC%EC%95%B1%EC%A2%85%EC%82%AC%EC%9E%90,301
www.jjyu.co.kr/w/%EB%B0%B0%EB%8B%B9%EC%88%9C%EC%9C%84,https://www.jjyu.co.kr/w/%EC%A0%84%EC%84%B8%EA%B8%88-%EA%B2%BD%EB%A7%A4-%EB%B0%B0%EB%8B%B9,301
www.jjyu.co.kr/w/%EB%B0%B0%EB%8B%B9%EC%9A%94%EA%B5%AC,https://www.jjyu.co.kr/w/%EC%A0%84%EC%84%B8%EA%B8%88-%EA%B2%BD%EB%A7%A4-%EB%B0%B0%EB%8B%B9,301
www.jjyu.co.kr/w/%EB%B0%B0%EB%8B%B9%ED%91%9C,https://www.jjyu.co.kr/w/%EC%A0%84%EC%84%B8%EA%B8%88-%EA%B2%BD%EB%A7%A4-%EB%B0%B0%EB%8B%B9,301
www.jjyu.co.kr/w/%EB%B0%B0%EC%9A%B0%EC%9E%90%EA%B3%B5%EC%A0%9C,https://www.jjyu.co.kr/w/%EC%83%81%EC%86%8D%EC%84%B8-%EA%B3%84%EC%82%B0%EA%B8%B0,301
www.jjyu.co.kr/w/%EB%B2%84%EC%8A%A4%EC%A0%84%EC%9A%A9%EC%B0%A8%EB%A1%9C%20%EB%B2%8C%EC%A0%90,https://www.jjyu.co.kr/w/%EA%B3%A0%EC%86%8D%EB%8F%84%EB%A1%9C-%EB%B2%84%EC%8A%A4%EC%A0%84%EC%9A%A9%EC%B0%A8%EB%A1%9C-%EC%9C%84%EB%B0%98-%EA%B3%BC%ED%83%9C%EB%A3%8C,301
www.jjyu.co.kr/w/%EB%B2%95%EC%9B%90%EA%B2%BD%EB%A7%A4%EC%A0%95%EB%B3%B4%20%EC%82%AC%EC%9D%B4%ED%8A%B8,https://www.jjyu.co.kr/w/%EB%B6%80%EB%8F%99%EC%82%B0-%EA%B2%BD%EB%A7%A4-%EC%A0%95%EB%B3%B4-%EC%A1%B0%ED%9A%8C-%EC%82%AC%EC%9D%B4%ED%8A%B8-%EB%A7%A4%EA%B0%81%EB%AC%BC%EA%B1%B4%EB%AA%85%EC%84%B8%EC%84%9C,301
www.jjyu.co.kr/w/%EB%B2%95%EC%9D%B8%20%EC%A0%91%EB%8C%80%EB%B9%84,https://www.jjyu.co.kr/w/%EC%A0%91%EB%8C%80%EB%B9%84-%ED%95%9C%EB%8F%84-%EB%B2%95%EC%9D%B8-%EC%86%90%EA%B8%88%EC%82%B0%EC%9E%85-%EA%B8%B0%EC%A4%80,301
www.jjyu.co.kr/w/%EB%B3%91%EC%9B%90%EB%B9%84%20%EA%B3%B5%EC%A0%9C,https://www.jjyu.co.kr/w/%EC%9D%98%EB%A3%8C%EB%B9%84%EA%B3%B5%EC%A0%9C,301
www.jjyu.co.kr/w/%EB%B3%B4%EA%B8%88%EC%9E%90%EB%A6%AC%EB%A1%A0%20%EA%B3%84%EC%82%B0%EA%B8%B0,https://www.jjyu.co.kr/w/%EC%A3%BC%ED%83%9D%EB%8B%B4%EB%B3%B4%EB%8C%80%EC%B6%9C-%EA%B3%84%EC%82%B0%EA%B8%B0,301
www.jjyu.co.kr/w/%EB%B3%B4%EC%9D%BC%EB%9F%AC%20%EC%88%98%EB%A6%AC%20%EC%B1%85%EC%9E%84,https://www.jjyu.co.kr/w/%EC%A7%91-%EB%B3%B4%EC%9D%BC%EB%9F%AC-%EA%B3%A0%EC%9E%A5-%EB%88%84%EA%B0%80-%EA%B3%A0%EC%B9%98%EB%82%98-%EC%9E%84%EB%8C%80%EC%9D%B8-%EC%9E%84%EC%B0%A8%EC%9D%B8-%EC%88%98%EB%A6%AC-%EC%B1%85%EC%9E%84,301
www.jjyu.co.kr/w/%EB%B3%B4%EC%A1%B4%EB%93%B1%EA%B8%B0%20%EA%B0%80%EC%95%95%EB%A5%98,https://www.jjyu.co.kr/w/%EB%AF%B8%EB%93%B1%EA%B8%B0-%EB%B6%80%EB%8F%99%EC%82%B0-%EA%B0%80%EC%95%95%EB%A5%98-%EA%B0%80%EB%8A%A5,301
www.jjyu.co.kr/w/%EB%B3%B4%EC%A6%9D%EA%B8%88%20%EC%9D%B8%EC%83%81%20%EA%B3%84%EC%82%B0,https://www.jjyu.co.kr/w/%EC%A0%84%EC%9B%94%EC%84%B8%EC%83%81%ED%95%9C%EC%A0%9C-%EA%B3%84%EC%82%B0,301
www.jjyu.co.kr/w/%EB%B3%B4%ED%97%98%20%EB%B6%80%ED%99%9C%20%EC%A0%88%EC%B0%A8,https://www.jjyu.co.kr/w/%EB%B3%B4%ED%97%98%EB%A3%8C-%EC%97%B0%EC%B2%B4-%ED%95%B4%EC%A7%80-%EB%B6%80%ED%99%9C-%EC%A1%B0%EA%B1%B4,301
www.jjyu.co.kr/w/%EB%B3%B4%ED%97%98%20%EB%B6%80%ED%99%9C%20%EC%A1%B0%EA%B1%B4,https://www.jjyu.co.kr/w/%EB%B3%B4%ED%97%98%EB%A3%8C-%EC%97%B0%EC%B2%B4-%ED%95%B4%EC%A7%80-%EB%B6%80%ED%99%9C-%EC%A1%B0%EA%B1%B4,301
www.jjyu.co.kr/w/%EB%B3%B4%ED%97%98%EA%B3%84%EC%95%BD%20%EB%B3%B5%EC%9B%90,https://www.jjyu.co.kr/w/%EB%B3%B4%ED%97%98%EB%A3%8C-%EC%97%B0%EC%B2%B4-%ED%95%B4%EC%A7%80-%EB%B6%80%ED%99%9C-%EC%A1%B0%EA%B1%B4,301
www.jjyu.co.kr/w/%EB%B3%B4%ED%97%98%EB%A3%8C%20%EC%97%B0%EC%B2%B4%20%ED%95%B4%EC%A7%80,https://www.jjyu.co.kr/w/%EB%B3%B4%ED%97%98%EB%A3%8C-%EC%97%B0%EC%B2%B4-%ED%95%B4%EC%A7%80-%EB%B6%80%ED%99%9C-%EC%A1%B0%EA%B1%B4,301
www.jjyu.co.kr/w/%EB%B3%B5%EB%A6%AC%20%EA%B3%84%EC%82%B0%EA%B8%B0,https://www.jjyu.co.kr/w/%EB%B3%B5%EB%A6%AC-%EA%B3%84%EC%82%B0%EA%B8%B0,301
www.jjyu.co.kr/w/%EB%B3%B5%EB%A6%AC%20%EB%A7%88%EB%B2%95,https://www.jjyu.co.kr/w/%EB%B3%B5%EB%A6%AC-%EA%B3%84%EC%82%B0%EA%B8%B0,301
www.jjyu.co.kr/w/%EB%B3%B5%EB%A6%AC%20%ED%88%AC%EC%9E%90,https://www.jjyu.co.kr/w/%EB%B3%B5%EB%A6%AC-%EA%B3%84%EC%82%B0%EA%B8%B0,301
www.jjyu.co.kr/w/%EB%B3%B5%EB%A6%AC%20%ED%9A%A8%EA%B3%BC,https://www.jjyu.co.kr/w/%EB%B3%B5%EB%A6%AC-%EA%B3%84%EC%82%B0%EA%B8%B0,301
www.jjyu.co.kr/w/%EB%B3%B5%EB%B9%84%20%EA%B3%84%EC%82%B0%EA%B8%B0,https://www.jjyu.co.kr/w/%EC%A4%91%EA%B0%9C%EC%88%98%EC%88%98%EB%A3%8C-%EA%B3%84%EC%82%B0%EA%B8%B0,301
www.jjyu.co.kr/w/%EB%B3%B5%EB%B9%84%20%ED%98%84%EA%B8%88%EC%98%81%EC%88%98%EC%A6%9D,https://www.jjyu.co.kr/w/%EB%B6%80%EB%8F%99%EC%82%B0-%EB%B3%B5%EB%B9%84-%EC%97%B0%EB%A7%90%EC%A0%95%EC%82%B0-%EC%86%8C%EB%93%9D%EA%B3%B5%EC%A0%9C-30,301
www.jjyu.co.kr/w/%EB%B6%80%EB%8F%99%EC%82%B0%20%EA%B2%BD%EB%A7%A4%20%EB%A7%A4%EA%B0%81%ED%97%88%EA%B0%80%EA%B2%B0%EC%A0%95,https://www.jjyu.co.kr/w/%EB%B6%80%EB%8F%99%EC%82%B0-%EA%B2%BD%EB%A7%A4-%EB%A7%A4%EA%B0%81%ED%97%88%EA%B0%80%EA%B2%B0%EC%A0%95-%EB%82%99%EC%B0%B0-%EC%86%8C%EC%9C%A0%EA%B6%8C-%EC%9D%B4%EC%A0%84,301
www.jjyu.co.kr/w/%EB%B6%80%EB%8F%99%EC%82%B0%20%EA%B2%BD%EB%A7%A4%20%EC%A0%95%EB%B3%B4%20%EC%A1%B0%ED%9A%8C,https://www.jjyu.co.kr/w/%EB%B6%80%EB%8F%99%EC%82%B0-%EA%B2%BD%EB%A7%A4-%EC%A0%95%EB%B3%B4-%EC%A1%B0%ED%9A%8C-%EC%82%AC%EC%9D%B4%ED%8A%B8-%EB%A7%A4%EA%B0%81%EB%AC%BC%EA%B1%B4%EB%AA%85%EC%84%B8%EC%84%9C,301
www.jjyu.co.kr/w/%EB%B6%80%EB%8F%99%EC%82%B0%20%EB%AF%B8%EC%8B%A0%EA%B3%A0%20%EB%B2%8C%EA%B8%88,https://www.jjyu.co.kr/w/%EC%A0%84%EC%9B%94%EC%84%B8%EC%8B%A0%EA%B3%A0-%EA%B3%BC%ED%83%9C%EB%A3%8C,301
www.jjyu.co.kr/w/%EB%B6%80%EB%8F%99%EC%82%B0%20%EB%B3%B5%EB%B9%84%20%EC%86%8C%EB%93%9D%EA%B3%B5%EC%A0%9C,https://www.jjyu.co.kr/w/%EB%B6%80%EB%8F%99%EC%82%B0-%EB%B3%B5%EB%B9%84-%EC%97%B0%EB%A7%90%EC%A0%95%EC%82%B0-%EC%86%8C%EB%93%9D%EA%B3%B5%EC%A0%9C-30,301
www.jjyu.co.kr/w/%EB%B6%80%EB%8F%99%EC%82%B0%20%EB%B3%B5%EB%B9%84%20%EC%97%B0%EB%A7%90%EC%A0%95%EC%82%B0%20%EC%86%8C%EB%93%9D%EA%B3%B5%EC%A0%9C%2030%25,https://www.jjyu.co.kr/w/%EB%B6%80%EB%8F%99%EC%82%B0-%EB%B3%B5%EB%B9%84-%EC%97%B0%EB%A7%90%EC%A0%95%EC%82%B0-%EC%86%8C%EB%93%9D%EA%B3%B5%EC%A0%9C-30,301
www.jjyu.co.kr/w/%EB%B6%80%EB%8F%99%EC%82%B0%20%EC%A4%91%EA%B0%9C%EC%88%98%EC%88%98%EB%A3%8C,https://www.jjyu.co.kr/w/%EB%B6%80%EB%8F%99%EC%82%B0-%EC%A4%91%EA%B0%9C%EC%88%98%EC%88%98%EB%A3%8C-%EC%9A%94%EC%9C%A8-%EA%B3%84%EC%82%B0,301
www.jjyu.co.kr/w/%EB%B6%80%EB%8F%99%EC%82%B0%20%EC%B7%A8%EB%93%9D%EC%84%B8,https://www.jjyu.co.kr/w/%EB%B6%80%EB%8F%99%EC%82%B0-%EC%B7%A8%EB%93%9D%EC%84%B8,301
www.jjyu.co.kr/w/%EB%B6%80%EB%8F%99%EC%82%B0-%EB%A7%A4%EB%A7%A4-%EA%B3%84%EC%95%BD-%EC%A0%88%EC%B0%A8,https://www.jjyu.co.kr/w/%EB%B6%80%EB%8F%99%EC%82%B0-%EB%A7%A4%EB%A7%A4-%EC%A0%88%EC%B0%A8-%EA%B3%84%EC%95%BD-%EB%93%B1%EA%B8%B0-%EC%88%9C%EC%84%9C,301
www.jjyu.co.kr/w/%EB%B6%80%EB%AA%A8%20%EC%9E%90%EB%85%80%20%EC%A6%9D%EC%97%AC,https://www.jjyu.co.kr/w/%EC%A6%9D%EC%97%AC%EC%84%B8-%EA%B3%84%EC%82%B0%EA%B8%B0,301
www.jjyu.co.kr/w/%EB%B6%80%EC%96%91%EA%B0%80%EC%A1%B1%20%EB%82%98%EC%9D%B4%20%EC%86%8C%EB%93%9D%20%EC%9A%94%EA%B1%B4,https://www.jjyu.co.kr/w/%EB%B6%80%EC%96%91%EA%B0%80%EC%A1%B1%EA%B3%B5%EC%A0%9C,301
www.jjyu.co.kr/w/%EB%B9%84%EB%8C%80%EB%A9%B4%20%EA%B0%80%EC%9E%85%20%EC%88%98%EC%88%98%EB%A3%8C%20%EB%AC%B4%EB%A3%8C,https://www.jjyu.co.kr/w/%ED%87%B4%EC%A7%81%EC%97%B0%EA%B8%88-%EC%88%98%EC%88%98%EB%A3%8C-%EB%B9%84%EA%B5%90-%EC%A6%9D%EA%B6%8C%EC%82%AC-%EC%9D%80%ED%96%89-%EC%84%A0%ED%83%9D,301
www.jjyu.co.kr/w/%EC%82%AC%EA%B8%80%EC%84%B8,https://www.jjyu.co.kr/w/%EC%A3%BC%ED%83%9D-%EC%9D%B4%EC%9A%A9-%EB%B0%A9%EB%B2%95-%EC%A0%84%EC%84%B8-%EC%9B%94%EC%84%B8-%EC%82%AC%EA%B8%80%EC%84%B8-%EC%B0%A8%EC%9D%B4,301
www.jjyu.co.kr/w/%EC%82%AC%EB%A7%9D%ED%95%9C%20%EC%B1%84%EB%AC%B4%EC%9E%90%20%EA%B0%80%EC%95%95%EB%A5%98,https://www.jjyu.co.kr/w/%EC%82%AC%EB%A7%9D%ED%95%9C-%EC%B1%84%EB%AC%B4%EC%9E%90-%EA%B0%80%EC%95%95%EB%A5%98-%EC%8B%A0%EC%B2%AD-%EC%83%81%EC%86%8D%EC%9D%B8-%EB%B0%A9%EB%B2%95,301
www.jjyu.co.kr/w/%EC%82%AC%EC%97%85%EC%A3%BC%20%EB%AF%B8%EC%8B%A0%EA%B3%A0%20%EC%8B%A4%EC%97%85%EA%B8%89%EC%97%AC,https://www.jjyu.co.kr/w/%EA%B3%A0%EC%9A%A9%EB%B3%B4%ED%97%98-%EB%AF%B8%EA%B0%80%EC%9E%85-%EC%8B%A4%EC%97%85%EA%B8%89%EC%97%AC-%EC%86%8C%EA%B8%89%EA%B0%80%EC%9E%85,301
www.jjyu.co.kr/w/%EC%82%B0%EC%9E%AC%EC%B2%98%EB%A6%AC%20%EB%B0%B0%EB%8B%AC%EC%95%B1%EC%A2%85%EC%82%AC%EC%9E%90,https://www.jjyu.co.kr/w/%EC%82%B0%EC%9E%AC%EC%B2%98%EB%A6%AC-%EB%B0%B0%EB%8B%AC%EC%95%B1%EC%A2%85%EC%82%AC%EC%9E%90,301
www.jjyu.co.kr/w/%EC%83%81%EA%B0%80%20%EB%8C%80%ED%95%AD%EC%9A%94%EA%B1%B4,https://www.jjyu.co.kr/w/%EC%83%81%EA%B0%80-%EA%B1%B4%EB%AC%BC%EC%A3%BC-%EB%B0%94%EB%80%8C%EB%A9%B4-%EA%B3%84%EC%95%BD-%EC%9C%A0%EC%A7%80-%EC%9E%84%EB%8C%80%EC%9D%B8-%EC%8A%B9%EA%B3%84,301
www.jjyu.co.kr/w/%EC%83%81%EA%B0%80%20%EC%86%8C%EC%95%A1%EC%9E%84%EC%B0%A8%EC%9D%B8,https://www.jjyu.co.kr/w/%EC%83%81%EA%B0%80-%EA%B2%BD%EB%A7%A4-%EC%86%8C%EC%95%A1%EC%9E%84%EC%B0%A8%EC%9D%B8-%EC%9A%B0%EC%84%A0%EB%B3%80%EC%A0%9C,301
www.jjyu.co.kr/w/%EC%83%81%EA%B0%80%20%EC%9E%84%EB%8C%80%EC%9D%B8%20%EC%A7%80%EC%9C%84%20%EC%8A%B9%EA%B3%84,https://www.jjyu.co.kr/w/%EC%83%81%EA%B0%80-%EA%B1%B4%EB%AC%BC%EC%A3%BC-%EB%B0%94%EB%80%8C%EB%A9%B4-%EA%B3%84%EC%95%BD-%EC%9C%A0%EC%A7%80-%EC%9E%84%EB%8C%80%EC%9D%B8-%EC%8A%B9%EA%B3%84,301
www.jjyu.co.kr/w/%EC%83%81%EA%B0%80%EA%B1%B4%EB%AC%BC%20%EC%9E%84%EB%8C%80%EC%B0%A8%EB%B3%B4%ED%98%B8%EB%B2%95,https://www.jjyu.co.kr/w/%EC%83%81%EA%B0%80-%EC%86%8C%EC%95%A1%EC%9E%84%EC%B0%A8%EC%9D%B8-%EC%B5%9C%EC%9A%B0%EC%84%A0%EB%B3%80%EC%A0%9C%EA%B6%8C-%EA%B2%BD%EB%A7%A4-%EB%B3%B4%EC%A6%9D%EA%B8%88,301
www.jjyu.co.kr/w/%EC%83%81%EA%B0%80%EC%9E%84%EB%8C%80%EC%B0%A8%EB%B3%B4%ED%98%B8%EB%B2%95,https://www.jjyu.co.kr/w/%EC%83%81%EA%B0%80-%EB%B3%B4%EC%A6%9D%EA%B8%88-%EA%B0%90%EC%95%A1%EC%B2%AD%EA%B5%AC-%ED%8A%B9%EC%95%BD-%ED%9A%A8%EB%A0%A5,301
www.jjyu.co.kr/w/%EC%83%81%EA%B0%80%EC%A3%BC%ED%83%9D%20%EC%9E%84%EC%B0%A8%EC%9D%B8,https://www.jjyu.co.kr/w/%EC%83%81%EA%B0%80%EC%A3%BC%ED%83%9D-%EC%9E%84%EC%B0%A8%EC%9D%B8-%EB%B3%B4%EC%A6%9D%EA%B8%88-%EA%B2%BD%EB%A7%A4-%EC%B5%9C%EC%9A%B0%EC%84%A0%EB%B3%80%EC%A0%9C%EA%B8%88,301
www.jjyu.co.kr/w/%EC%83%81%EC%86%8D%EC%84%B8%20%EA%B3%84%EC%82%B0,https://www.jjyu.co.kr/w/%EC%83%81%EC%86%8D%EC%84%B8-%EA%B3%84%EC%82%B0-%EC%84%B8%EC%9C%A8-%EA%B3%B5%EC%A0%9C,301
www.jjyu.co.kr/w/%EC%83%81%EC%86%8D%EC%84%B8%20%EA%B3%84%EC%82%B0%EA%B8%B0,https://www.jjyu.co.kr/w/%EC%83%81%EC%86%8D%EC%84%B8-%EA%B3%84%EC%82%B0%EA%B8%B0,301
www.jjyu.co.kr/w/%EC%83%81%EC%86%8D%EC%84%B8%EC%9C%A8,https://www.jjyu.co.kr/w/%EC%83%81%EC%86%8D%EC%84%B8,301
www.jjyu.co.kr/w/%EC%83%81%EC%86%8D%EC%9D%B8%20%EA%B0%80%EC%95%95%EB%A5%98%20%EB%B0%A9%EB%B2%95,https://www.jjyu.co.kr/w/%EC%82%AC%EB%A7%9D%ED%95%9C-%EC%B1%84%EB%AC%B4%EC%9E%90-%EA%B0%80%EC%95%95%EB%A5%98-%EC%8B%A0%EC%B2%AD-%EC%83%81%EC%86%8D%EC%9D%B8-%EB%B0%A9%EB%B2%95,301
www.jjyu.co.kr/w/%EC%83%88%20%EC%A7%91%EC%A3%BC%EC%9D%B8,https://www.jjyu.co.kr/w/%EC%A7%91%EC%A3%BC%EC%9D%B8-%EB%B3%80%EA%B2%BD-%EC%9E%84%EC%B0%A8%EC%9D%B8-%EA%B6%8C%EB%A6%AC,301
www.jjyu.co.kr/w/%EC%83%9D%EA%B3%84%EA%B8%89%EC%97%AC%20%EC%84%A0%EC%A0%95%EA%B8%B0%EC%A4%80%202026,https://www.jjyu.co.kr/w/%EA%B8%B0%EC%B4%88%EC%83%9D%ED%99%9C%EC%88%98%EA%B8%89%EC%9E%90-%EC%83%9D%EA%B3%84%EA%B8%89%EC%97%AC-%EC%A7%80%EA%B8%89%EC%9D%BC-%EB%B0%8F-%EC%86%8C%EB%93%9D-%EC%9D%B8%EC%A0%95%EC%95%A1-%EA%B8%B0%EC%A4%80,301
www.jjyu.co.kr/w/%EC%83%9D%EC%82%B0%EB%85%B9%EC%A7%80%EC%A7%80%EC%97%AD%20%EA%B1%B4%EC%B6%95%EC%A0%9C%ED%95%9C,https://www.jjyu.co.kr/w/%ED%86%A0%EC%A7%80-%EC%9A%A9%EB%8F%84%EC%A7%80%EC%97%AD-%EA%B1%B4%EC%B6%95%EC%A0%9C%ED%95%9C-%ED%99%95%EC%9D%B8%EB%B0%A9%EB%B2%95,301
www.jjyu.co.kr/w/%EC%83%9D%EC%95%A0%EC%B5%9C%EC%B4%88%20%EC%A3%BC%ED%83%9D%20%EC%B7%A8%EB%93%9D%EC%84%B8%20%EA%B0%90%EB%A9%B4,https://www.jjyu.co.kr/w/%EC%A0%84%EC%84%B8%EC%82%AC%EA%B8%B0%ED%94%BC%ED%95%B4%EC%A3%BC%ED%83%9D-%EC%84%B8%EA%B8%88%EA%B0%90%EB%A9%B4,301
www.jjyu.co.kr/w/%EC%84%9C%EB%A5%98%20%EC%A0%9C%EC%B6%9C,https://www.jjyu.co.kr/w/%EC%8B%A4%EC%97%85%EA%B8%89%EC%97%AC-%EB%B0%9B%EC%9C%BC%EB%A9%B4%EC%84%9C-%EC%95%8C%EB%B0%94-%EA%B0%80%EB%8A%A5%EC%97%AC%EB%B6%80,301
www.jjyu.co.kr/w/%EC%84%A0%EC%88%9C%EC%9C%84%20%EC%9E%84%EC%B0%A8%EC%9D%B8%20%ED%99%95%EC%9D%B8%20%EB%B0%A9%EB%B2%95,https://www.jjyu.co.kr/w/%EB%8B%A4%EA%B0%80%EA%B5%AC%EC%A3%BC%ED%83%9D-%EC%A0%84%EC%84%B8-%EA%B3%84%EC%95%BD%EC%8B%9C-%EC%84%A0%EC%88%9C%EC%9C%84-%EC%9E%84%EC%B0%A8%EC%9D%B8-%ED%99%95%EC%9D%B8-%EB%B0%A9%EB%B2%95,301
www.jjyu.co.kr/w/%EC%84%B8%EA%B8%88%20%EC%B2%B4%EB%82%A9%20%EB%B6%84%EB%82%A9,https://www.jjyu.co.kr/w/%EC%B2%B4%EB%82%A9-%EC%84%B8%EA%B8%88-%EB%B6%84%ED%95%A0-%EB%82%A9%EB%B6%80,301
www.jjyu.co.kr/w/%EC%84%B8%EC%95%A1%EA%B3%B5%EC%A0%9C,https://www.jjyu.co.kr/w/%EC%97%B0%EB%A7%90%EC%A0%95%EC%82%B0-%EC%84%B8%EC%95%A1%EA%B3%B5%EC%A0%9C,301
www.jjyu.co.kr/w/%EC%86%8C%EB%93%9D%EA%B3%B5%EC%A0%9C,https://www.jjyu.co.kr/w/%EC%97%B0%EB%A7%90%EC%A0%95%EC%82%B0,301
www.jjyu.co.kr/w/%EC%86%8C%EB%A9%B8%EC%8B%9C%ED%9A%A8%20%EC%A4%91%EB%8B%A8%20%EC%82%AC%EC%9C%A0,https://www.jjyu.co.kr/w/%EC%B1%84%EA%B6%8C-%EC%86%8C%EB%A9%B8%EC%8B%9C%ED%9A%A8-10%EB%85%84-%EC%B1%84%EB%AC%B4%EC%8A%B9%EC%9D%B8-%EC%A4%91%EB%8B%A8,301
www.jjyu.co.kr/w/%EC%86%8C%EC%83%81%EA%B3%B5%EC%9D%B8%20%ED%8F%90%EC%97%85%EC%A7%80%EC%9B%90,https://www.jjyu.co.kr/w/%ED%9D%AC%EB%A7%9D%EB%A6%AC%ED%84%B4%ED%8C%A8%ED%82%A4%EC%A7%80-%EC%9B%90%EC%8A%A4%ED%86%B1%ED%8F%90%EC%97%85%EC%A7%80%EC%9B%90-%EC%8B%A0%EC%B2%AD-%EB%B0%A9%EB%B2%95,301
www.jjyu.co.kr/w/%EC%86%8C%EC%95%A1%EC%9E%84%EC%B0%A8%EC%9D%B8%20%EB%B3%B4%ED%98%B8,https://www.jjyu.co.kr/w/%EC%83%81%EA%B0%80%EC%A3%BC%ED%83%9D-%EC%9E%84%EC%B0%A8%EC%9D%B8-%EB%B3%B4%EC%A6%9D%EA%B8%88-%EA%B2%BD%EB%A7%A4-%EC%B5%9C%EC%9A%B0%EC%84%A0%EB%B3%80%EC%A0%9C%EA%B8%88,301
www.jjyu.co.kr/w/%EC%86%8C%EC%95%A1%EC%9E%84%EC%B0%A8%EC%9D%B8%20%EC%B5%9C%EC%9A%B0%EC%84%A0%EB%B3%80%EC%A0%9C%EA%B6%8C,https://www.jjyu.co.kr/w/%EC%86%8C%EC%95%A1%EC%9E%84%EC%B0%A8%EC%9D%B8-%EC%B5%9C%EC%9A%B0%EC%84%A0%EB%B3%80%EC%A0%9C%EA%B6%8C,301
www.jjyu.co.kr/w/%EC%88%98%EB%A6%AC%EB%B9%84%20%EC%B2%AD%EA%B5%AC,https://www.jjyu.co.kr/w/%EC%A7%91-%EB%B3%B4%EC%9D%BC%EB%9F%AC-%EA%B3%A0%EC%9E%A5-%EB%88%84%EA%B0%80-%EA%B3%A0%EC%B9%98%EB%82%98-%EC%9E%84%EB%8C%80%EC%9D%B8-%EC%9E%84%EC%B0%A8%EC%9D%B8-%EC%88%98%EB%A6%AC-%EC%B1%85%EC%9E%84,301
www.jjyu.co.kr/w/%EC%88%98%EC%88%98%EB%A3%8C%20%EC%A0%88%EA%B0%90%20%EB%B0%A9%EB%B2%95,https://www.jjyu.co.kr/w/%ED%87%B4%EC%A7%81%EC%97%B0%EA%B8%88-%EC%88%98%EC%88%98%EB%A3%8C-%EB%B9%84%EA%B5%90-%EC%A6%9D%EA%B6%8C%EC%82%AC-%EC%9D%80%ED%96%89-%EC%84%A0%ED%83%9D,301
www.jjyu.co.kr/w/%EC%88%98%EC%98%81%EC%9E%A5%20%EC%86%8C%EB%93%9D%EA%B3%B5%EC%A0%9C,https://www.jjyu.co.kr/w/%EC%97%B0%EB%A7%90%EC%A0%95%EC%82%B0-%ED%97%AC%EC%8A%A4%EC%9E%A5-%EC%88%98%EC%98%81%EC%9E%A5-%EC%86%8C%EB%93%9D%EA%B3%B5%EC%A0%9C,301
www.jjyu.co.kr/w/%EC%88%98%EC%9E%85%EC%8B%A0%EA%B3%A0%20%EC%99%B8%EA%B5%AD%EC%9D%B8%20%EA%B7%BC%EB%A1%9C%EC%9E%90,https://www.jjyu.co.kr/w/%EC%88%98%EC%9E%85%EC%8B%A0%EA%B3%A0-%EC%99%B8%EA%B5%AD%EC%9D%B8%EA%B7%BC%EB%A1%9C%EC%9E%90-4%EB%8C%80%EB%B3%B4%ED%97%98-%EC%84%B8%EA%B8%88-%EC%8B%A0%EA%B3%A0,301
www.jjyu.co.kr/w/%EC%8A%B9%EA%B3%84%EC%A7%91%ED%96%89%EB%AC%B8%20%EB%B0%9C%EA%B8%89,https://www.jjyu.co.kr/w/%EA%B0%80%EC%95%95%EB%A5%98-%EC%8B%A0%EC%B2%AD-%ED%9B%84-%EC%B1%84%EB%AC%B4%EC%9E%90-%EC%82%AC%EB%A7%9D-%EC%8A%B9%EA%B3%84%EC%A7%91%ED%96%89%EB%AC%B8,301
www.jjyu.co.kr/w/%EC%8A%B9%EA%B3%84%EC%A7%91%ED%96%89%EB%AC%B8%20%EC%8B%A0%EC%B2%AD,https://www.jjyu.co.kr/w/%EC%82%AC%EB%A7%9D%ED%95%9C-%EC%B1%84%EB%AC%B4%EC%9E%90-%EA%B0%80%EC%95%95%EB%A5%98-%EC%8B%A0%EC%B2%AD-%EC%83%81%EC%86%8D%EC%9D%B8-%EB%B0%A9%EB%B2%95,301
www.jjyu.co.kr/w/%EC%8A%B9%EC%B0%A8%EA%B6%8C%20%EB%B0%98%ED%99%98%20%EC%88%98%EC%88%98%EB%A3%8C,https://www.jjyu.co.kr/w/KTX-SRT-%EC%8A%B9%EC%B0%A8%EA%B6%8C-%ED%99%98%EB%B6%88-%EC%9C%84%EC%95%BD%EA%B8%88-%EC%88%98%EC%88%98%EB%A3%8C,301
www.jjyu.co.kr/w/%EC%8B%9C%EC%B0%A8%EC%B6%9C%ED%87%B4%EA%B7%BC%20%EA%B7%BC%EB%A1%9C%EC%8B%9C%EA%B0%84%20%EA%B3%84%EC%82%B0,https://www.jjyu.co.kr/w/%EC%8B%9C%EC%B0%A8%EC%B6%9C%ED%87%B4%EA%B7%BC%EC%A0%9C-%EC%9A%B4%EC%98%81-%EB%8F%84%EC%9E%85-%EC%A0%88%EC%B0%A8-%EA%B7%BC%EB%A1%9C%EC%8B%9C%EA%B0%84-%EA%B3%84%EC%82%B0-%EA%B8%89%EC%97%AC-%EA%B8%B0%EC%A4%80,301
www.jjyu.co.kr/w/%EC%8B%9C%EC%B0%A8%EC%B6%9C%ED%87%B4%EA%B7%BC%20%EA%B8%89%EC%97%AC,https://www.jjyu.co.kr/w/%EC%8B%9C%EC%B0%A8%EC%B6%9C%ED%87%B4%EA%B7%BC%EC%A0%9C-%EC%9A%B4%EC%98%81-%EB%8F%84%EC%9E%85-%EC%A0%88%EC%B0%A8-%EA%B7%BC%EB%A1%9C%EC%8B%9C%EA%B0%84-%EA%B3%84%EC%82%B0-%EA%B8%89%EC%97%AC-%EA%B8%B0%EC%A4%80,301
www.jjyu.co.kr/w/%EC%8B%9C%EC%B0%A8%EC%B6%9C%ED%87%B4%EA%B7%BC%EC%A0%9C%20%EC%9A%B4%EC%98%81,https://www.jjyu.co.kr/w/%EC%8B%9C%EC%B0%A8%EC%B6%9C%ED%87%B4%EA%B7%BC%EC%A0%9C-%EC%9A%B4%EC%98%81-%EB%8F%84%EC%9E%85-%EC%A0%88%EC%B0%A8-%EA%B7%BC%EB%A1%9C%EC%8B%9C%EA%B0%84-%EA%B3%84%EC%82%B0-%EA%B8%89%EC%97%AC-%EA%B8%B0%EC%A4%80,301
www.jjyu.co.kr/w/%EC%8B%9C%EC%B0%A8%EC%B6%9C%ED%87%B4%EA%B7%BC%EC%A0%9C%20%EC%A0%88%EC%B0%A8,https://www.jjyu.co.kr/w/%EC%8B%9C%EC%B0%A8%EC%B6%9C%ED%87%B4%EA%B7%BC%EC%A0%9C-%EC%9A%B4%EC%98%81-%EB%8F%84%EC%9E%85-%EC%A0%88%EC%B0%A8-%EA%B7%BC%EB%A1%9C%EC%8B%9C%EA%B0%84-%EA%B3%84%EC%82%B0-%EA%B8%89%EC%97%AC-%EA%B8%B0%EC%A4%80,301
www.jjyu.co.kr/w/%EC%8B%A0%EA%B3%A0%EB%B0%A9%EB%B2%95%20%EA%B3%A0%EC%9A%A924,https://www.jjyu.co.kr/w/%EC%8B%A4%EC%97%85%EA%B8%89%EC%97%AC-%EB%B0%9B%EC%9C%BC%EB%A9%B4%EC%84%9C-%EC%95%8C%EB%B0%94-%EA%B0%80%EB%8A%A5%EC%97%AC%EB%B6%80,301
www.jjyu.co.kr/w/%EC%8B%A0%ED%83%81%ED%98%95%20vs%20%EC%A4%91%EA%B0%9C%ED%98%95,https://www.jjyu.co.kr/w/%EC%A4%91%EA%B0%9C%ED%98%95-IRP-%EC%9E%A5%EC%A0%90-%EC%88%98%EC%88%98%EB%A3%8C-%ED%88%AC%EC%9E%90-%EC%83%81%ED%92%88,301
www.jjyu.co.kr/w/%EC%8B%A4%EC%97%85%EA%B8%89%EC%97%AC%204%EB%8C%80%EB%B3%B4%ED%97%98,https://www.jjyu.co.kr/w/%EC%8B%A4%EC%97%85%EA%B8%89%EC%97%AC-4%EB%8C%80%EB%B3%B4%ED%97%98,301
www.jjyu.co.kr/w/%EC%8B%A4%EC%97%85%EA%B8%89%EC%97%AC%20%EA%B1%B4%EA%B0%95%EB%B3%B4%ED%97%98,https://www.jjyu.co.kr/w/%EC%8B%A4%EC%97%85%EA%B8%89%EC%97%AC-%EA%B1%B4%EA%B0%95%EB%B3%B4%ED%97%98,301
www.jjyu.co.kr/w/%EC%8B%A4%EC%97%85%EA%B8%89%EC%97%AC%20%EA%B5%AD%EB%AF%BC%EC%97%B0%EA%B8%88,https://www.jjyu.co.kr/w/%EC%8B%A4%EC%97%85%EA%B8%89%EC%97%AC-%EA%B5%AD%EB%AF%BC%EC%97%B0%EA%B8%88,301
www.jjyu.co.kr/w/%EC%8B%A4%EC%97%85%EA%B8%89%EC%97%AC%20%EB%B3%B4%ED%97%98%EB%A3%8C%20%EB%82%A9%EB%B6%80,https://www.jjyu.co.kr/w/%EC%8B%A4%EC%97%85%EA%B8%89%EC%97%AC-4%EB%8C%80%EB%B3%B4%ED%97%98,301
www.jjyu.co.kr/w/%EC%8B%A4%EC%97%85%EA%B8%89%EC%97%AC%20%EB%B6%80%EC%A0%95%EC%88%98%EA%B8%89%20%EC%B2%98%EB%B2%8C,https://www.jjyu.co.kr/w/%EA%B6%8C%EA%B3%A0%EC%82%AC%EC%A7%81-%EC%9C%84%EB%A1%9C%EA%B8%88-%EA%B3%84%EC%82%B0-%EC%8B%A4%EC%97%85%EA%B8%89%EC%97%AC-%EB%B6%80%EC%A0%95%EC%88%98%EA%B8%89-%EC%A3%BC%EC%9D%98,301
www.jjyu.co.kr/w/%EC%8B%A4%EC%97%85%EA%B8%89%EC%97%AC%20%EC%8B%A4%EC%97%85%EC%9D%B8%EC%A0%95,https://www.jjyu.co.kr/w/%EC%8B%A4%EC%97%85%EA%B8%89%EC%97%AC-%EC%8B%A4%EC%97%85%EC%9D%B8%EC%A0%95,301
www.jjyu.co.kr/w/%EC%8B%A4%EC%97%85%EA%B8%89%EC%97%AC%20%EC%95%8C%EB%B0%94%20%EC%8B%A0%EA%B3%A0,https://www.jjyu.co.kr/w/%EC%8B%A4%EC%97%85%EA%B8%89%EC%97%AC-%EB%B0%9B%EC%9C%BC%EB%A9%B4%EC%84%9C-%EC%95%8C%EB%B0%94-%EA%B0%80%EB%8A%A5%EC%97%AC%EB%B6%80,301
www.jjyu.co.kr/w/%EC%8B%A4%EC%97%85%EC%9D%B8%EC%A0%95%20%EC%A0%88%EC%B0%A8,https://www.jjyu.co.kr/w/%EC%8B%A4%EC%97%85%EA%B8%89%EC%97%AC-%EC%8B%A4%EC%97%85%EC%9D%B8%EC%A0%95,301
www.jjyu.co.kr/w/%EC%8B%A4%EC%97%85%EC%9D%B8%EC%A0%95%EC%9D%BC%20%EC%A7%80%EC%A0%95,https://www.jjyu.co.kr/w/%EC%8B%A4%EC%97%85%EA%B8%89%EC%97%AC-%EC%8B%A4%EC%97%85%EC%9D%B8%EC%A0%95,301
www.jjyu.co.kr/w/%EC%8B%A4%EC%97%85%ED%81%AC%EB%A0%88%EB%94%A7,https://www.jjyu.co.kr/w/%EC%8B%A4%EC%97%85%EA%B8%89%EC%97%AC-%EA%B5%AD%EB%AF%BC%EC%97%B0%EA%B8%88,301
www.jjyu.co.kr/w/%EC%95%84%EB%8F%99%EC%88%98%EB%8B%B9%2012%EC%84%B8%20%EC%8B%9C%ED%96%89,https://www.jjyu.co.kr/w/%EC%95%84%EB%8F%99%EC%88%98%EB%8B%B9-%EB%A7%8C-12%EC%84%B8-%ED%99%95%EB%8C%80-%EC%8B%9C%EA%B8%B0-%EC%A1%B0%EA%B1%B4,301
www.jjyu.co.kr/w/%EC%95%84%EB%8F%99%EC%88%98%EB%8B%B9%20%EB%A7%8C%2012%EC%84%B8%20%ED%99%95%EB%8C%80,https://www.jjyu.co.kr/w/%EC%95%84%EB%8F%99%EC%88%98%EB%8B%B9-%EB%A7%8C-12%EC%84%B8-%ED%99%95%EB%8C%80-%EC%8B%9C%EA%B8%B0-%EC%A1%B0%EA%B1%B4,301
www.jjyu.co.kr/w/%EC%95%84%EB%A5%B4%EB%B0%94%EC%9D%B4%ED%8A%B8%204%EB%8C%80%EB%B3%B4%ED%97%98,https://www.jjyu.co.kr/w/%EC%95%8C%EB%B0%94-4%EB%8C%80%EB%B3%B4%ED%97%98-%EA%B0%80%EC%9E%85-%EC%A1%B0%EA%B1%B4-%EC%A3%BC-15%EC%8B%9C%EA%B0%84-%EA%B8%B0%EC%A4%80,301
www.jjyu.co.kr/w/%EC%95%84%EC%9D%B4%ED%96%89%EB%B3%B5%EC%B9%B4%EB%93%9C%20%EB%B0%9C%EA%B8%89,https://www.jjyu.co.kr/w/%EC%96%B4%EB%A6%B0%EC%9D%B4%EC%A7%91-%EB%B3%B4%EC%9C%A1%EB%A3%8C-%EA%B2%B0%EC%A0%9C-%EB%B0%8F-%EC%95%84%EC%9D%B4%ED%96%89%EB%B3%B5%EC%B9%B4%EB%93%9C-%EB%B0%9C%EA%B8%89-%EB%B0%A9%EB%B2%95,301
www.jjyu.co.kr/w/%EC%95%84%EC%9D%B4%ED%96%89%EB%B3%B5%EC%B9%B4%EB%93%9C%20%EC%82%AC%EC%9A%A9%20%EB%B0%A9%EB%B2%95,https://www.jjyu.co.kr/w/%EC%96%B4%EB%A6%B0%EC%9D%B4%EC%A7%91-%EB%B3%B4%EC%9C%A1%EB%A3%8C-%EA%B2%B0%EC%A0%9C-%EB%B0%8F-%EC%95%84%EC%9D%B4%ED%96%89%EB%B3%B5%EC%B9%B4%EB%93%9C-%EB%B0%9C%EA%B8%89-%EB%B0%A9%EB%B2%95,301
www.jjyu.co.kr/w/%EC%95%84%ED%8C%8C%ED%8A%B8%20%EA%B4%80%EB%A6%AC%EB%B9%84%20%EC%A0%95%EC%82%B0,https://www.jjyu.co.kr/w/%EC%A0%84%EC%84%B8-%EC%95%84%ED%8C%8C%ED%8A%B8-%EC%9E%A5%EA%B8%B0%EC%88%98%EC%84%A0%EC%B6%A9%EB%8B%B9%EA%B8%88-%EB%8F%8C%EB%A0%A4%EB%B0%9B%EA%B8%B0,301
www.jjyu.co.kr/w/%EC%95%84%ED%8C%8C%ED%8A%B8%20%EC%9E%AC%EC%82%B0%EC%84%B8,https://www.jjyu.co.kr/w/%EC%9E%AC%EC%82%B0%EC%84%B8-%EA%B3%84%EC%82%B0%EA%B8%B0,301
www.jjyu.co.kr/w/%EC%95%84%ED%8C%8C%ED%8A%B8%20%EC%B7%A8%EB%93%9D%EC%84%B8,https://www.jjyu.co.kr/w/%EC%B7%A8%EB%93%9D%EC%84%B8-%EA%B3%84%EC%82%B0%EA%B8%B0,301
www.jjyu.co.kr/w/%EC%95%8C%EB%B0%94%204%EB%8C%80%EB%B3%B4%ED%97%98%20%EA%B0%80%EC%9E%85,https://www.jjyu.co.kr/w/%EC%95%8C%EB%B0%94-4%EB%8C%80%EB%B3%B4%ED%97%98-%EA%B0%80%EC%9E%85-%EC%A1%B0%EA%B1%B4-%EC%A3%BC-15%EC%8B%9C%EA%B0%84-%EA%B8%B0%EC%A4%80,301
www.jjyu.co.kr/w/%EC%96%91%EB%8F%84%EC%84%B8%20%EC%8B%A4%EA%B1%B0%EC%A3%BC%202%EB%85%84,https://www.jjyu.co.kr/w/1%EC%84%B8%EB%8C%801%EC%A3%BC%ED%83%9D-%EC%96%91%EB%8F%84%EC%86%8C%EB%93%9D%EC%84%B8-%EB%B9%84%EA%B3%BC%EC%84%B8-%EC%A1%B0%EC%A0%95%EC%A7%80%EC%97%AD-%EA%B1%B0%EC%A3%BC%EC%9A%94%EA%B1%B4,301
www.jjyu.co.kr/w/%EC%96%91%EB%8F%84%EC%86%8C%EB%93%9D%EC%84%B8%20%EC%A4%91%EA%B3%BC%20%EB%B0%B0%EC%A0%9C,https://www.jjyu.co.kr/w/%EC%A0%84%EC%84%B8%EC%82%AC%EA%B8%B0%ED%94%BC%ED%95%B4%EC%A3%BC%ED%83%9D-%EC%84%B8%EA%B8%88%EA%B0%90%EB%A9%B4,301
www.jjyu.co.kr/w/%EC%96%B4%EB%A6%B0%EC%9D%B4%EC%A7%91%20%EB%B3%B4%EC%9C%A1%EB%A3%8C%20%EA%B2%B0%EC%A0%9C,https://www.jjyu.co.kr/w/%EC%96%B4%EB%A6%B0%EC%9D%B4%EC%A7%91-%EB%B3%B4%EC%9C%A1%EB%A3%8C-%EA%B2%B0%EC%A0%9C-%EB%B0%8F-%EC%95%84%EC%9D%B4%ED%96%89%EB%B3%B5%EC%B9%B4%EB%93%9C-%EB%B0%9C%EA%B8%89-%EB%B0%A9%EB%B2%95,301
www.jjyu.co.kr/w/%EC%97%B0%EA%B8%88%EB%B3%B4%ED%97%98%EB%A3%8C%20%EC%A7%80%EC%9B%90,https://www.jjyu.co.kr/w/%EC%8B%A4%EC%97%85%EA%B8%89%EC%97%AC-%EA%B5%AD%EB%AF%BC%EC%97%B0%EA%B8%88,301
www.jjyu.co.kr/w/%EC%97%B0%EB%A7%90%EC%A0%95%EC%82%B0%20%EC%86%8C%EB%93%9D%EA%B3%B5%EC%A0%9C,https://www.jjyu.co.kr/w/%EC%A0%84%ED%86%B5%EC%8B%9C%EC%9E%A5-%EC%86%8C%EB%93%9D%EA%B3%B5%EC%A0%9C-%EC%97%B0%EB%A7%90%EC%A0%95%EC%82%B0,301
www.jjyu.co.kr/w/%EC%97%B0%EB%A7%90%EC%A0%95%EC%82%B0%20%EC%9D%98%EB%A3%8C%EB%B9%84,https://www.jjyu.co.kr/w/%EC%9D%98%EB%A3%8C%EB%B9%84%EA%B3%B5%EC%A0%9C,301
www.jjyu.co.kr/w/%EC%97%B0%EB%A7%90%EC%A0%95%EC%82%B0%20%EC%9E%84%ED%94%8C%EB%9E%80%ED%8A%B8,https://www.jjyu.co.kr/w/%EC%97%B0%EB%A7%90%EC%A0%95%EC%82%B0-%EC%9E%84%ED%94%8C%EB%9E%80%ED%8A%B8,301
www.jjyu.co.kr/w/%EC%97%B0%EB%A7%90%EC%A0%95%EC%82%B0%20%ED%8A%B9%EB%B3%84%EC%9E%AC%EB%82%9C%EC%A7%80%EC%97%AD,https://www.jjyu.co.kr/w/%EC%97%B0%EB%A7%90%EC%A0%95%EC%82%B0-%ED%8A%B9%EB%B3%84%EC%9E%AC%EB%82%9C%EC%A7%80%EC%97%AD-%EA%B8%B0%EB%B6%80%EA%B8%88,301
www.jjyu.co.kr/w/%EC%97%B0%EB%A7%90%EC%A0%95%EC%82%B0%20%ED%97%AC%EC%8A%A4%EC%9E%A5%20%EC%86%8C%EB%93%9D%EA%B3%B5%EC%A0%9C,https://www.jjyu.co.kr/w/%EC%97%B0%EB%A7%90%EC%A0%95%EC%82%B0-%ED%97%AC%EC%8A%A4%EC%9E%A5-%EC%88%98%EC%98%81%EC%9E%A5-%EC%86%8C%EB%93%9D%EA%B3%B5%EC%A0%9C,301
www.jjyu.co.kr/w/%EC%97%B0%EB%A7%90%EC%A0%95%EC%82%B0%20%ED%99%98%EA%B8%89,https://www.jjyu.co.kr/w/%EC%97%B0%EB%A7%90%EC%A0%95%EC%82%B0-%ED%99%98%EA%B8%89-%EC%A1%B0%ED%9A%8C-%EA%B8%B0%EA%B0%84,301
www.jjyu.co.kr/w/%EC%97%B0%EB%A7%90%EC%A0%95%EC%82%B0-%EC%A3%BC%ED%83%9D%EC%B2%AD%EC%95%BD%EC%A2%85%ED%95%A9%EC%A0%80%EC%B6%95-%EA%B3%B5%EC%A0%9C.md,https://www.jjyu.co.kr/w/%EC%97%B0%EB%A7%90%EC%A0%95%EC%82%B0-%EC%A3%BC%ED%83%9D%EC%B2%AD%EC%95%BD-%EA%B3%B5%EC%A0%9C,301
www.jjyu.co.kr/w/%EC%97%B0%EB%A7%90%EC%A0%95%EC%82%B0-%ED%99%98%EA%B8%89,https://www.jjyu.co.kr/w/%EC%97%B0%EB%A7%90%EC%A0%95%EC%82%B0-%ED%99%98%EA%B8%89%EA%B8%88-%EC%A1%B0%ED%9A%8C,301
www.jjyu.co.kr/w/%EC%97%B0%EB%B4%89%20%EA%B3%84%EC%82%B0,https://www.jjyu.co.kr/w/%EC%97%B0%EB%B4%89-%EA%B3%84%EC%82%B0%EA%B8%B0,301
www.jjyu.co.kr/w/%EC%97%B0%EB%B4%89%20%EA%B3%84%EC%82%B0%EA%B8%B0,https://www.jjyu.co.kr/w/%EC%97%B0%EB%B4%89-%EA%B3%84%EC%82%B0%EA%B8%B0,301
www.jjyu.co.kr/w/%EC%97%B0%EB%B4%89%20%EC%9D%B8%EC%83%81%EB%A5%A0,https://www.jjyu.co.kr/w/%EC%97%B0%EB%B4%89%ED%98%91%EC%83%81-%EC%8B%9C%EA%B8%B0-%EB%B0%A9%EB%B2%95,301
www.jjyu.co.kr/w/%EC%97%B0%EB%B4%89%ED%98%91%EC%83%81%20%EA%B1%B0%EB%B6%80,https://www.jjyu.co.kr/w/%EC%97%B0%EB%B4%89%ED%98%91%EC%83%81-%EC%8B%9C%EA%B8%B0-%EB%B0%A9%EB%B2%95,301
www.jjyu.co.kr/w/%EC%97%B0%EB%B4%89%ED%98%91%EC%83%81%20%EB%B0%A9%EB%B2%95,https://www.jjyu.co.kr/w/%EC%97%B0%EB%B4%89%ED%98%91%EC%83%81-%EC%8B%9C%EA%B8%B0-%EB%B0%A9%EB%B2%95,301
www.jjyu.co.kr/w/%EC%97%B0%EB%B4%89%ED%98%91%EC%83%81%20%EC%8B%9C%EA%B8%B0,https://www.jjyu.co.kr/w/%EC%97%B0%EB%B4%89%ED%98%91%EC%83%81-%EC%8B%9C%EA%B8%B0-%EB%B0%A9%EB%B2%95,301
www.jjyu.co.kr/w/%EC%97%B0%EC%9E%A5%EA%B7%BC%EB%A1%9C%20%ED%95%9C%EB%8F%84,https://www.jjyu.co.kr/w/%EC%A3%BC52%EC%8B%9C%EA%B0%84-%EA%B7%BC%EB%AC%B4%EC%A0%9C-%EC%9C%84%EB%B0%98-%EC%B2%98%EB%B2%8C,301
www.jjyu.co.kr/w/%EC%97%B0%EC%B0%A8%EC%88%98%EB%8B%B9%20%ED%87%B4%EC%A7%81%EA%B8%88%20%ED%8F%AC%ED%95%A8,https://www.jjyu.co.kr/w/%ED%87%B4%EC%A7%81%EA%B8%88-%EA%B3%84%EC%82%B0%EA%B8%B0-%EC%97%B0%EC%B0%A8%EC%88%98%EB%8B%B9,301
www.jjyu.co.kr/w/%EC%97%B0%EC%B0%A8%EC%88%98%EB%8B%B9%20%ED%8F%89%EA%B7%A0%EC%9E%84%EA%B8%88%20%ED%8F%AC%ED%95%A8,https://www.jjyu.co.kr/w/%ED%87%B4%EC%A7%81%EA%B8%88-%EA%B3%84%EC%82%B0%EA%B8%B0-%EC%97%B0%EC%B0%A8%EC%88%98%EB%8B%B9,301
www.jjyu.co.kr/w/%EC%98%A8%EB%88%84%EB%A6%AC%EC%83%81%ED%92%88%EA%B6%8C%20%EC%97%B0%EB%A7%90%EC%A0%95%EC%82%B0,https://www.jjyu.co.kr/w/%EC%A0%84%ED%86%B5%EC%8B%9C%EC%9E%A5-%EC%86%8C%EB%93%9D%EA%B3%B5%EC%A0%9C-%EC%97%B0%EB%A7%90%EC%A0%95%EC%82%B0,301
www.jjyu.co.kr/w/%EC%98%A8%EB%9D%BC%EC%9D%B8%20%EB%B6%80%EB%8F%99%EC%82%B0%EB%93%B1%EA%B8%B0%20%EC%8B%A0%EC%B2%AD%EA%B8%B0%ED%95%9C,https://www.jjyu.co.kr/w/%EB%B6%80%EB%8F%99%EC%82%B0%EB%93%B1%EA%B8%B0-%EC%9D%B8%ED%84%B0%EB%84%B7-%EC%8B%A0%EC%B2%AD-%EC%A0%88%EC%B0%A8-%EC%A0%84%EC%9E%90%EC%8B%A0%EC%B2%AD-%EC%82%AC%EC%9A%A9%EC%9E%90%EB%93%B1%EB%A1%9D,301
www.jjyu.co.kr/w/%EC%99%B8%EA%B5%AD%EC%9D%B8%20%EC%84%B8%EA%B8%88%20%EC%8B%A0%EA%B3%A0%20%EB%B0%A9%EB%B2%95,https://www.jjyu.co.kr/w/%EC%88%98%EC%9E%85%EC%8B%A0%EA%B3%A0-%EC%99%B8%EA%B5%AD%EC%9D%B8%EA%B7%BC%EB%A1%9C%EC%9E%90-4%EB%8C%80%EB%B3%B4%ED%97%98-%EC%84%B8%EA%B8%88-%EC%8B%A0%EA%B3%A0,301
www.jjyu.co.kr/w/%EC%99%B8%EA%B5%AD%EC%9D%B8%EA%B7%BC%EB%A1%9C%EC%9E%90%204%EB%8C%80%EB%B3%B4%ED%97%98,https://www.jjyu.co.kr/w/%EC%88%98%EC%9E%85%EC%8B%A0%EA%B3%A0-%EC%99%B8%EA%B5%AD%EC%9D%B8%EA%B7%BC%EB%A1%9C%EC%9E%90-4%EB%8C%80%EB%B3%B4%ED%97%98-%EC%84%B8%EA%B8%88-%EC%8B%A0%EA%B3%A0,301
www.jjyu.co.kr/w/%EC%99%B8%EA%B5%AD%EC%9D%B8%EA%B7%BC%EB%A1%9C%EC%9E%90%20%EA%B8%B0%EC%A4%80,https://www.jjyu.co.kr/w/%EC%99%B8%EA%B5%AD%EC%9D%B8%EA%B7%BC%EB%A1%9C%EC%9E%90-%EA%B7%BC%EB%AC%B4%EC%B2%98-%EB%B3%80%EA%B2%BD,301
www.jjyu.co.kr/w/%EC%99%B8%EA%B5%AD%EC%9D%B8%EA%B7%BC%EB%A1%9C%EC%9E%90%20%EC%8B%A0%EC%B2%AD%20%EB%B0%A9%EB%B2%95,https://www.jjyu.co.kr/w/%EC%99%B8%EA%B5%AD%EC%9D%B8%EA%B7%BC%EB%A1%9C%EC%9E%90-%EA%B7%BC%EB%AC%B4%EC%B2%98-%EB%B3%80%EA%B2%BD,301
www.jjyu.co.kr/w/%EC%99%B8%EA%B5%AD%EC%9D%B8%EA%B7%BC%EB%A1%9C%EC%9E%90%20%EC%9E%AC%EC%9E%85%EA%B5%AD%20%EA%B8%B0%ED%95%9C,https://www.jjyu.co.kr/w/%EC%99%B8%EA%B5%AD%EC%9D%B8%EA%B7%BC%EB%A1%9C%EC%9E%90-4%EB%85%84-10%EA%B0%9C%EC%9B%94-%ED%9B%84-%EC%9E%AC%EC%9E%85%EA%B5%AD,301
www.jjyu.co.kr/w/%EC%9A%B0%EC%84%A0%EB%B3%80%EC%A0%9C%EA%B6%8C%20%EC%9A%94%EA%B1%B4,https://www.jjyu.co.kr/w/%EC%9A%B0%EC%84%A0%EB%B3%80%EC%A0%9C%EA%B6%8C-%EC%9A%94%EA%B1%B4,301
www.jjyu.co.kr/w/%EC%9B%8C%ED%81%AC%EB%84%B7%20%EA%B3%A0%EC%9A%A9%EC%84%BC%ED%84%B0%20%EC%9C%84%EC%B9%98,https://www.jjyu.co.kr/w/%EC%8B%A4%EC%97%85%EA%B8%89%EC%97%AC-%EC%8B%A0%EC%B2%AD-%EA%B3%A0%EC%9A%A9%EC%84%BC%ED%84%B0-%EA%B4%80%ED%95%A0%EC%A7%80%EC%97%AD%EB%B3%84-%EC%B0%BE%EA%B8%B0,301
www.jjyu.co.kr/w/%EC%9B%90%EC%82%B0%EC%A7%80%20%ED%97%88%EC%9C%84%ED%91%9C%EC%8B%9C%20%ED%8F%AC%EC%83%81%EA%B8%88,https://www.jjyu.co.kr/w/%EB%86%8D%EC%88%98%EC%82%B0%EB%AC%BC-%EC%9B%90%EC%82%B0%EC%A7%80-%ED%91%9C%EC%8B%9C-%EC%9C%84%EB%B0%98-%EC%8B%A0%EA%B3%A0-%ED%8F%AC%EC%83%81%EA%B8%88,301
www.jjyu.co.kr/w/%EC%9B%90%EC%8A%A4%ED%86%B1%ED%8F%90%EC%97%85%EC%A7%80%EC%9B%90,https://www.jjyu.co.kr/w/%ED%9D%AC%EB%A7%9D%EB%A6%AC%ED%84%B4%ED%8C%A8%ED%82%A4%EC%A7%80-%EC%9B%90%EC%8A%A4%ED%86%B1%ED%8F%90%EC%97%85%EC%A7%80%EC%9B%90-%EC%8B%A0%EC%B2%AD-%EB%B0%A9%EB%B2%95,301
www.jjyu.co.kr/w/%EC%9B%94%EA%B8%89%20%EC%97%B0%EB%B4%89,https://www.jjyu.co.kr/w/%EC%97%B0%EB%B4%89-%EA%B3%84%EC%82%B0%EA%B8%B0,301
www.jjyu.co.kr/w/%EC%9B%94%EC%84%B8%20%EC%9D%B8%EC%83%81%20%EA%B3%84%EC%82%B0,https://www.jjyu.co.kr/w/%EC%A0%84%EC%9B%94%EC%84%B8%EC%83%81%ED%95%9C%EC%A0%9C-%EA%B3%84%EC%82%B0,301
www.jjyu.co.kr/w/%EC%9C%A0%ED%9D%A5%EC%A3%BC%EC%A0%90%20%EC%84%B8%EA%B8%88,https://www.jjyu.co.kr/w/%EA%B0%9C%EB%B3%84%EC%86%8C%EB%B9%84%EC%84%B8-%EA%B3%BC%EC%84%B8%EC%9C%A0%ED%9D%A5%EC%9E%A5%EC%86%8C,301
www.jjyu.co.kr/w/%EC%9D%98%EB%A3%8C%EB%B9%84%20%EA%B3%B5%EC%A0%9C%20%EC%A1%B0%EA%B1%B4,https://www.jjyu.co.kr/w/%EC%97%B0%EB%A7%90%EC%A0%95%EC%82%B0-%EC%9D%98%EB%A3%8C%EB%B9%84-%EC%84%B8%EC%95%A1%EA%B3%B5%EC%A0%9C,301
www.jjyu.co.kr/w/%EC%9D%98%EB%A3%8C%EB%B9%84%20%EC%84%B8%EC%95%A1%EA%B3%B5%EC%A0%9C,https://www.jjyu.co.kr/w/%EC%9D%98%EB%A3%8C%EB%B9%84%EA%B3%B5%EC%A0%9C,301
www.jjyu.co.kr/w/%EC%9D%B8%ED%84%B0%EB%84%B7%20%EC%A0%84%EC%9E%85%EC%8B%A0%EA%B3%A0,https://www.jjyu.co.kr/w/%EC%A0%95%EB%B6%8024-%EC%A0%84%EC%9E%85%EC%8B%A0%EA%B3%A0-%EC%98%A8%EB%9D%BC%EC%9D%B8-%EC%8B%A0%EC%B2%AD%EB%B0%A9%EB%B2%95,301
www.jjyu.co.kr/w/%EC%9D%BC%EA%B4%84%EA%B3%B5%EC%A0%9C,https://www.jjyu.co.kr/w/%EC%83%81%EC%86%8D%EC%84%B8-%EA%B3%84%EC%82%B0%EA%B8%B0,301
www.jjyu.co.kr/w/%EC%9D%BC%EB%B0%98%EC%9D%8C%EC%8B%9D%EC%A0%90%20%EC%82%AC%EB%AC%B4%EC%8B%A4%20%EC%9A%A9%EB%8F%84%EB%B3%80%EA%B2%BD,https://www.jjyu.co.kr/w/%EC%83%81%EA%B0%80-%EC%9A%A9%EB%8F%84%EB%B3%80%EA%B2%BD-%EC%9D%8C%EC%8B%9D%EC%A0%90-%EC%82%AC%EB%AC%B4%EC%8B%A4-%EC%A0%88%EC%B0%A8-%EC%A0%9C2%EC%A2%85-%EA%B7%BC%EB%A6%B0%EC%83%9D%ED%99%9C%EC%8B%9C%EC%84%A4,301
www.jjyu.co.kr/w/%EC%9D%BC%EB%B6%80%20%EB%B3%80%EC%A0%9C%20%EC%86%8C%EB%A9%B8%EC%8B%9C%ED%9A%A8,https://www.jjyu.co.kr/w/%EC%B1%84%EA%B6%8C-%EC%86%8C%EB%A9%B8%EC%8B%9C%ED%9A%A8-10%EB%85%84-%EC%B1%84%EB%AC%B4%EC%8A%B9%EC%9D%B8-%EC%A4%91%EB%8B%A8,301
www.jjyu.co.kr/w/%EC%9D%BC%EC%9A%A9%EA%B7%BC%EB%A1%9C%EC%9E%90%20%EC%8B%A4%EC%97%85%EA%B8%89%EC%97%AC%20%EC%A4%91%EB%8B%A8,https://www.jjyu.co.kr/w/%EA%B1%B4%EC%84%A4%EC%9D%BC%EC%9A%A9%EC%A7%81-%EC%8B%A4%EC%97%85%EA%B8%89%EC%97%AC-%EC%88%98%EA%B8%89%EC%A1%B0%EA%B1%B4-%EC%A4%91%EB%8B%A8-%EA%B8%B0%EC%A4%80,301
www.jjyu.co.kr/w/%EC%9D%BC%EC%9A%A9%EC%A7%81%20%EC%8B%A0%EC%B2%AD%20%EB%B0%A9%EB%B2%95,https://www.jjyu.co.kr/w/%EC%9D%BC%EC%9A%A9%EC%A7%81-%EC%8B%A4%EC%97%85%EA%B8%89%EC%97%AC-%EC%88%98%EA%B8%89-%EC%A1%B0%EA%B1%B4-%ED%94%BC%EB%B3%B4%ED%97%98-%EB%8B%A8%EC%9C%84%EA%B8%B0%EA%B0%84,301
www.jjyu.co.kr/w/%EC%9D%BC%EC%9A%A9%EC%A7%81%20%EC%8B%A4%EC%97%85%EA%B8%89%EC%97%AC,https://www.jjyu.co.kr/w/%EC%9D%BC%EC%9A%A9%EC%A7%81-%EC%8B%A4%EC%97%85%EA%B8%89%EC%97%AC,301
www.jjyu.co.kr/w/%EC%9D%BC%EC%9A%A9%EC%A7%81%20%EC%8B%A4%EC%97%85%EA%B8%89%EC%97%AC%20%EC%88%98%EA%B8%89%20%EC%A1%B0%EA%B1%B4,https://www.jjyu.co.kr/w/%EC%9D%BC%EC%9A%A9%EC%A7%81-%EC%8B%A4%EC%97%85%EA%B8%89%EC%97%AC-%EC%88%98%EA%B8%89-%EC%A1%B0%EA%B1%B4-%ED%94%BC%EB%B3%B4%ED%97%98-%EB%8B%A8%EC%9C%84%EA%B8%B0%EA%B0%84,301
www.jjyu.co.kr/w/%EC%9E%84%EB%8C%80%EC%9D%B8%20%EB%8F%99%EC%9D%98%20%EC%97%86%EB%8A%94%20%EC%A0%84%EB%8C%80,https://www.jjyu.co.kr/w/%EC%A3%BC%ED%83%9D-%EC%9E%84%EB%8C%80%EC%B0%A8-%EC%A0%84%EB%8C%80%EC%B0%A8-%EB%AC%B4%EB%8B%A8-%EC%9B%94%EC%84%B8,301
www.jjyu.co.kr/w/%EC%9E%84%EB%8C%80%EC%9D%B8%20%EB%B3%80%EA%B2%BD,https://www.jjyu.co.kr/w/%EC%A7%91%EC%A3%BC%EC%9D%B8-%EB%B3%80%EA%B2%BD-%EC%9E%84%EC%B0%A8%EC%9D%B8-%EA%B6%8C%EB%A6%AC,301
www.jjyu.co.kr/w/%EC%9E%84%EB%8C%80%EC%9D%B8%20%EC%88%98%EC%84%A0%EC%9D%98%EB%AC%B4,https://www.jjyu.co.kr/w/%EC%A7%91-%EB%B3%B4%EC%9D%BC%EB%9F%AC-%EA%B3%A0%EC%9E%A5-%EB%88%84%EA%B0%80-%EA%B3%A0%EC%B9%98%EB%82%98-%EC%9E%84%EB%8C%80%EC%9D%B8-%EC%9E%84%EC%B0%A8%EC%9D%B8-%EC%88%98%EB%A6%AC-%EC%B1%85%EC%9E%84,301
www.jjyu.co.kr/w/%EC%9E%84%EB%8C%80%EC%B0%A8%20%EA%B3%84%EC%95%BD%20%EC%9E%90%EB%8F%99%20%EC%97%B0%EC%9E%A5,https://www.jjyu.co.kr/w/%EB%AC%B5%EC%8B%9C%EC%A0%81%EA%B0%B1%EC%8B%A0-%EA%B8%B0%EA%B0%84-%EC%A1%B0%EA%B1%B4-%EC%A0%84%EC%9B%94%EC%84%B8-%EA%B3%84%EC%95%BD-%EC%9E%90%EB%8F%99-%EC%97%B0%EC%9E%A5,301
www.jjyu.co.kr/w/%EC%9E%84%EB%8C%80%EC%B0%A8%20%EA%B3%84%EC%95%BD%20%ED%95%B4%EC%A7%80%20%ED%86%B5%EB%B3%B4,https://www.jjyu.co.kr/w/%EC%9E%84%EB%8C%80%EC%B0%A8%EA%B3%84%EC%95%BD-%ED%95%B4%EC%A7%80-%ED%86%B5%EB%B3%B4-%EB%82%B4%EC%9A%A9%EC%A6%9D%EB%AA%85-%EC%9E%91%EC%84%B1-%EB%B0%A9%EB%B2%95,301
www.jjyu.co.kr/w/%EC%9E%84%EB%8C%80%EC%B0%A8%20%EC%A0%84%EB%8C%80%EC%B0%A8%20%EC%B0%A8%EC%9D%B4,https://www.jjyu.co.kr/w/%EC%A3%BC%ED%83%9D-%EC%9E%84%EB%8C%80%EC%B0%A8-%EC%A0%84%EB%8C%80%EC%B0%A8-%EB%AC%B4%EB%8B%A8-%EC%9B%94%EC%84%B8,301
www.jjyu.co.kr/w/%EC%9E%84%EB%8C%80%EC%B0%A8%EA%B3%84%EC%95%BD%20%ED%95%B4%EC%A7%80%20%EB%82%B4%EC%9A%A9%EC%A6%9D%EB%AA%85,https://www.jjyu.co.kr/w/%EC%9E%84%EB%8C%80%EC%B0%A8%EA%B3%84%EC%95%BD-%ED%95%B4%EC%A7%80-%ED%86%B5%EB%B3%B4-%EB%82%B4%EC%9A%A9%EC%A6%9D%EB%AA%85-%EC%9E%91%EC%84%B1-%EB%B0%A9%EB%B2%95,301
www.jjyu.co.kr/w/%EC%9E%84%EB%8C%80%EC%B0%A8%EC%8B%A0%EA%B3%A0%20%EA%B8%B0%ED%95%9C,https://www.jjyu.co.kr/w/%EC%A0%84%EC%9B%94%EC%84%B8%EC%8B%A0%EA%B3%A0-%EA%B3%BC%ED%83%9C%EB%A3%8C,301
www.jjyu.co.kr/w/%EC%9E%84%EC%B0%A8%20%EC%A3%BC%ED%83%9D%20%ED%95%98%EC%9E%90,https://www.jjyu.co.kr/w/%EC%A7%91-%EB%B3%B4%EC%9D%BC%EB%9F%AC-%EA%B3%A0%EC%9E%A5-%EB%88%84%EA%B0%80-%EA%B3%A0%EC%B9%98%EB%82%98-%EC%9E%84%EB%8C%80%EC%9D%B8-%EC%9E%84%EC%B0%A8%EC%9D%B8-%EC%88%98%EB%A6%AC-%EC%B1%85%EC%9E%84,301
www.jjyu.co.kr/w/%EC%9E%84%EC%B0%A8%EB%B3%B4%EC%A6%9D%EA%B8%88%20%EA%B0%80%EC%95%95%EB%A5%98,https://www.jjyu.co.kr/w/%EC%9E%84%EC%B0%A8%EB%B3%B4%EC%A6%9D%EA%B8%88-%EB%B0%98%ED%99%98%EC%86%8C%EC%86%A1-%EC%A4%91-%EC%A3%BC%ED%83%9D-%EA%B0%80%EC%95%95%EB%A5%98-%ED%95%B4%EC%A0%9C,301
www.jjyu.co.kr/w/%EC%9E%84%EC%B0%A8%EC%9D%B8%20%EA%B3%BC%EC%8B%A4%20%EA%B0%90%EA%B0%80%EC%83%81%EA%B0%81,https://www.jjyu.co.kr/w/%EC%9B%90%EC%83%81%EB%B3%B5%EA%B5%AC-%EB%B2%94%EC%9C%84,301
www.jjyu.co.kr/w/%EC%9E%84%EC%B0%A8%EC%9D%B8%20%EA%B6%8C%EB%A6%AC,https://www.jjyu.co.kr/w/%EC%A7%91%EC%A3%BC%EC%9D%B8-%EB%B3%80%EA%B2%BD-%EC%9E%84%EC%B0%A8%EC%9D%B8-%EA%B6%8C%EB%A6%AC,301
www.jjyu.co.kr/w/%EC%9E%84%EC%B0%A8%EC%9D%B8%20%EB%8C%80%ED%95%AD%EB%A0%A5,https://www.jjyu.co.kr/w/%EC%A0%84%EC%84%B8-%EC%A7%91%EC%9D%B4-%EA%B2%BD%EB%A7%A4-%EB%84%98%EC%96%B4%EA%B0%80%EB%A9%B4-%EB%B3%B4%EC%A6%9D%EA%B8%88-%EB%8F%8C%EB%A0%A4%EB%B0%9B%EB%82%98%EC%9A%94,301
www.jjyu.co.kr/w/%EC%9E%84%EC%B0%A8%EC%9D%B8%20%EC%9E%A5%EA%B8%B0%EC%88%98%EC%84%A0%EC%B6%A9%EB%8B%B9%EA%B8%88,https://www.jjyu.co.kr/w/%EC%A0%84%EC%84%B8-%EC%95%84%ED%8C%8C%ED%8A%B8-%EC%9E%A5%EA%B8%B0%EC%88%98%EC%84%A0%EC%B6%A9%EB%8B%B9%EA%B8%88-%EB%8F%8C%EB%A0%A4%EB%B0%9B%EA%B8%B0,301
www.jjyu.co.kr/w/%EC%9E%84%ED%94%8C%EB%9E%80%ED%8A%B8%20%EA%B3%B5%EC%A0%9C,https://www.jjyu.co.kr/w/%EC%97%B0%EB%A7%90%EC%A0%95%EC%82%B0-%EC%9E%84%ED%94%8C%EB%9E%80%ED%8A%B8,301
www.jjyu.co.kr/w/%EC%9E%85%EC%A3%BC%EC%9E%90%EB%8C%80%ED%91%9C%ED%9A%8C%EC%9D%98%20%ED%9A%8C%EC%9E%A5%20%EC%84%A0%EC%B6%9C,https://www.jjyu.co.kr/w/%EC%9E%85%EC%A3%BC%EC%9E%90%EB%8C%80%ED%91%9C%ED%9A%8C%EC%9D%98-%EA%B3%BC%EB%B0%98%EC%88%98-%EB%AF%B8%EB%8B%AC-%ED%9A%8C%EC%9E%A5-%EC%84%A0%EC%B6%9C,301
www.jjyu.co.kr/w/%EC%9E%90%EB%8F%99%EC%B0%A8%20%EB%B3%80%EA%B2%BD%EB%93%B1%EB%A1%9D%20%EC%9D%B4%EC%82%AC,https://www.jjyu.co.kr/w/%EC%9E%90%EB%8F%99%EC%B0%A8-%EB%B3%80%EA%B2%BD%EB%93%B1%EB%A1%9D-%EC%9D%B4%EC%82%AC-%EC%A0%84%EC%9E%85%EC%8B%A0%EA%B3%A0-%EC%A7%80%EC%97%AD%EB%B2%88%ED%98%B8%ED%8C%90,301
www.jjyu.co.kr/w/%EC%9E%90%EB%8F%99%EC%B0%A8%20%ED%95%A0%EB%B6%80%20%EA%B3%84%EC%82%B0,https://www.jjyu.co.kr/w/%ED%95%A0%EB%B6%80-%EC%9D%B4%EC%9E%90-%EA%B3%84%EC%82%B0%EA%B8%B0,301
www.jjyu.co.kr/w/%EC%9E%90%EB%8F%99%EC%B0%A8%EC%84%B8%20%EA%B3%84%EC%82%B0,https://www.jjyu.co.kr/w/%EC%9E%90%EB%8F%99%EC%B0%A8%EC%84%B8,301
www.jjyu.co.kr/w/%EC%9E%90%EB%8F%99%EC%B0%A8%EC%84%B8%20%EA%B3%84%EC%82%B0%EA%B8%B0,https://www.jjyu.co.kr/w/%EC%9E%90%EB%8F%99%EC%B0%A8%EC%84%B8-%EA%B3%84%EC%82%B0%EA%B8%B0,301
www.jjyu.co.kr/w/%EC%9E%90%EB%8F%99%EC%B0%A8%EC%84%B8%20%EB%82%A9%EB%B6%80,https://www.jjyu.co.kr/w/%EC%9E%90%EB%8F%99%EC%B0%A8%EC%84%B8-%EA%B3%84%EC%82%B0%EA%B8%B0,301
www.jjyu.co.kr/w/%EC%9E%90%EB%8F%99%EC%B0%A8%EC%84%B8%20%EC%97%B0%EB%82%A9,https://www.jjyu.co.kr/w/%EC%9E%90%EB%8F%99%EC%B0%A8%EC%84%B8-%EC%97%B0%EB%82%A9-%EC%8B%A0%EC%B2%AD,301
www.jjyu.co.kr/w/%EC%9E%90%EB%8F%99%EC%B0%A8%EC%84%B8%20%EC%A1%B0%ED%9A%8C,https://www.jjyu.co.kr/w/%EC%9E%90%EB%8F%99%EC%B0%A8%EC%84%B8-%EA%B3%84%EC%82%B0%EA%B8%B0,301
www.jjyu.co.kr/w/%EC%9E%A5%EA%B8%B0%EC%88%98%EC%84%A0%EC%B6%A9%EB%8B%B9%EA%B8%88%20%ED%99%98%EB%B6%88,https://www.jjyu.co.kr/w/%EC%A0%84%EC%84%B8-%EC%95%84%ED%8C%8C%ED%8A%B8-%EC%9E%A5%EA%B8%B0%EC%88%98%EC%84%A0%EC%B6%A9%EB%8B%B9%EA%B8%88-%EB%8F%8C%EB%A0%A4%EB%B0%9B%EA%B8%B0,301
www.jjyu.co.kr/w/%EC%9E%A5%EC%95%A0%EC%9D%B8%EC%97%B0%EA%B8%88%20%EB%93%B1%EA%B8%89%20%EC%88%98%EB%A0%B9%EC%95%A1,https://www.jjyu.co.kr/w/%EC%9E%A5%EC%95%A0%EC%9D%B8-%EC%97%B0%EA%B8%88-%EC%A7%80%EA%B8%89-%EB%8C%80%EC%83%81-%EB%B0%8F-%EB%93%B1%EA%B8%89%EB%B3%84-%EC%88%98%EB%A0%B9%EC%95%A1,301
www.jjyu.co.kr/w/%EC%9E%A5%EC%95%A0%EC%9D%B8%EC%97%B0%EA%B8%88%20%EC%A4%91%EC%A6%9D%EC%9E%A5%EC%95%A0%EC%9D%B8%20%EA%B8%B0%EC%A4%80,https://www.jjyu.co.kr/w/%EC%9E%A5%EC%95%A0%EC%9D%B8-%EC%97%B0%EA%B8%88-%EC%A7%80%EA%B8%89-%EB%8C%80%EC%83%81-%EB%B0%8F-%EB%93%B1%EA%B8%89%EB%B3%84-%EC%88%98%EB%A0%B9%EC%95%A1,301
www.jjyu.co.kr/w/%EC%9E%A5%EC%95%A0%EC%9D%B8%EC%97%B0%EA%B8%88%20%EC%A7%80%EA%B8%89%20%EB%8C%80%EC%83%81,https://www.jjyu.co.kr/w/%EC%9E%A5%EC%95%A0%EC%9D%B8-%EC%97%B0%EA%B8%88-%EC%A7%80%EA%B8%89-%EB%8C%80%EC%83%81-%EB%B0%8F-%EB%93%B1%EA%B8%89%EB%B3%84-%EC%88%98%EB%A0%B9%EC%95%A1,301
www.jjyu.co.kr/w/%EC%9E%AC%EB%82%9C%EC%A7%80%EC%97%AD%20%EA%B3%B5%EC%A0%9C%EC%9C%A8,https://www.jjyu.co.kr/w/%EC%97%B0%EB%A7%90%EC%A0%95%EC%82%B0-%ED%8A%B9%EB%B3%84%EC%9E%AC%EB%82%9C%EC%A7%80%EC%97%AD-%EA%B8%B0%EB%B6%80%EA%B8%88,301
www.jjyu.co.kr/w/%EC%9E%AC%EB%82%9C%EC%A7%80%EC%97%AD%20%EC%84%B8%EC%95%A1%EA%B3%B5%EC%A0%9C,https://www.jjyu.co.kr/w/%EC%97%B0%EB%A7%90%EC%A0%95%EC%82%B0-%ED%8A%B9%EB%B3%84%EC%9E%AC%EB%82%9C%EC%A7%80%EC%97%AD-%EA%B8%B0%EB%B6%80%EA%B8%88,301
www.jjyu.co.kr/w/%EC%9E%AC%EC%82%B0%EC%84%B8%20%EA%B3%84%EC%82%B0,https://www.jjyu.co.kr/w/%EC%9E%AC%EC%82%B0%EC%84%B8,301
www.jjyu.co.kr/w/%EC%9E%AC%EC%82%B0%EC%84%B8%20%EA%B3%84%EC%82%B0%EA%B8%B0,https://www.jjyu.co.kr/w/%EC%9E%AC%EC%82%B0%EC%84%B8-%EA%B3%84%EC%82%B0%EA%B8%B0,301
www.jjyu.co.kr/w/%EC%9E%AC%EC%82%B0%EC%84%B8%20%EC%84%B8%EC%9C%A8,https://www.jjyu.co.kr/w/%EC%9E%AC%EC%82%B0%EC%84%B8-%EA%B3%84%EC%82%B0%EA%B8%B0,301
www.jjyu.co.kr/w/%EC%9E%AC%ED%83%9D%EA%B7%BC%EB%AC%B4%20%EA%B3%84%EC%95%BD%20%ED%95%AD%EB%AA%A9,https://www.jjyu.co.kr/w/%EC%9E%AC%ED%83%9D%EA%B7%BC%EB%AC%B4-%EA%B7%BC%EB%A1%9C%EA%B3%84%EC%95%BD%EC%84%9C-%EC%9E%91%EC%84%B1-%EA%B8%B0%EC%A4%80-%ED%8F%AC%ED%95%A8-%EB%82%B4%EC%9A%A9-%EC%B2%B4%ED%81%AC%EB%A6%AC%EC%8A%A4%ED%8A%B8,301
www.jjyu.co.kr/w/%EC%A0%81%EA%B2%A9%EC%A6%9D%EB%B9%99%203%EB%A7%8C%EC%9B%90,https://www.jjyu.co.kr/w/%EC%A0%91%EB%8C%80%EB%B9%84-%ED%95%9C%EB%8F%84-%EB%B2%95%EC%9D%B8-%EC%86%90%EA%B8%88%EC%82%B0%EC%9E%85-%EA%B8%B0%EC%A4%80,301
www.jjyu.co.kr/w/%EC%A0%84%EC%84%B8%20%EA%B2%BD%EB%A7%A4%20%ED%99%95%EC%A0%95%EC%9D%BC%EC%9E%90,https://www.jjyu.co.kr/w/%EC%A0%84%EC%84%B8-%EC%A7%91%EC%9D%B4-%EA%B2%BD%EB%A7%A4-%EB%84%98%EC%96%B4%EA%B0%80%EB%A9%B4-%EB%B3%B4%EC%A6%9D%EA%B8%88-%EB%8F%8C%EB%A0%A4%EB%B0%9B%EB%82%98%EC%9A%94,301
www.jjyu.co.kr/w/%EC%A0%84%EC%84%B8%20%EA%B3%84%EC%95%BD%20%EA%B0%B1%EC%8B%A0,https://www.jjyu.co.kr/w/%EC%A0%84%EC%84%B8-%EC%9E%AC%EA%B3%84%EC%95%BD-%EB%AC%B5%EC%8B%9C%EC%A0%81%EA%B0%B1%EC%8B%A0,301
www.jjyu.co.kr/w/%EC%A0%84%EC%84%B8%20%EA%B4%80%EB%A6%AC%EB%B9%84,https://www.jjyu.co.kr/w/%EC%A0%84%EC%84%B8-%EC%95%84%ED%8C%8C%ED%8A%B8-%EC%9E%A5%EA%B8%B0%EC%88%98%EC%84%A0%EC%B6%A9%EB%8B%B9%EA%B8%88-%EB%8F%8C%EB%A0%A4%EB%B0%9B%EA%B8%B0,301
www.jjyu.co.kr/w/%EC%A0%84%EC%84%B8%20%EA%B4%80%EB%A6%AC%EB%B9%84%20%EB%B0%98%ED%99%98,https://www.jjyu.co.kr/w/%EC%A0%84%EC%84%B8-%EC%95%84%ED%8C%8C%ED%8A%B8-%EA%B4%80%EB%A6%AC%EB%B9%84-%EB%B0%98%ED%99%98-%EC%9D%B4%EC%82%AC,301
www.jjyu.co.kr/w/%EC%A0%84%EC%84%B8%20%EB%B3%B4%EC%A6%9D%EA%B8%88%20%EC%9D%B8%EC%83%81%EB%A5%A0%205%25,https://www.jjyu.co.kr/w/%EC%A0%84%EC%84%B8-%EC%9E%AC%EA%B3%84%EC%95%BD-%EB%AC%B5%EC%8B%9C%EC%A0%81%EA%B0%B1%EC%8B%A0,301
www.jjyu.co.kr/w/%EC%A0%84%EC%84%B8%20%EC%9B%94%EC%84%B8%20%EC%B0%A8%EC%9D%B4,https://www.jjyu.co.kr/w/%EC%A3%BC%ED%83%9D-%EC%9D%B4%EC%9A%A9-%EB%B0%A9%EB%B2%95-%EC%A0%84%EC%84%B8-%EC%9B%94%EC%84%B8-%EC%B0%A8%EC%9D%B4,301
www.jjyu.co.kr/w/%EC%A0%84%EC%84%B8%EA%B6%8C%20%EB%93%B1%EA%B8%B0,https://www.jjyu.co.kr/w/%EC%A3%BC%ED%83%9D-%EC%9D%B4%EC%9A%A9-%EB%B0%A9%EB%B2%95-%EC%A0%84%EC%84%B8-%EC%9B%94%EC%84%B8-%EC%B0%A8%EC%9D%B4,301
www.jjyu.co.kr/w/%EC%A0%84%EC%84%B8%EA%B6%8C%20%EC%84%A4%EC%A0%95,https://www.jjyu.co.kr/w/%EC%A0%84%EC%84%B8%EB%B3%B4%EC%A6%9D%EA%B8%88-%EB%8B%B4%EB%B3%B4%EB%8C%80%EC%B6%9C-%EC%96%91%EB%8F%84-%EC%A0%84%EC%84%B8%EA%B6%8C-%EC%84%A4%EC%A0%95,301
www.jjyu.co.kr/w/%EC%A0%84%EC%84%B8%EA%B8%88%20%EA%B2%BD%EB%A7%A4,https://www.jjyu.co.kr/w/%EC%A0%84%EC%84%B8%EA%B8%88-%EA%B2%BD%EB%A7%A4-%EB%B0%B0%EB%8B%B9,301
www.jjyu.co.kr/w/%EC%A0%84%EC%84%B8%EB%8C%80%EC%B6%9C,https://www.jjyu.co.kr/w/%EC%A0%84%EC%84%B8%EC%9E%90%EA%B8%88%EB%8C%80%EC%B6%9C,301
www.jjyu.co.kr/w/%EC%A0%84%EC%84%B8%EB%B3%B4%EC%A6%9D%EA%B8%88%20%EB%8B%B4%EB%B3%B4,https://www.jjyu.co.kr/w/%EC%A0%84%EC%84%B8%EB%B3%B4%EC%A6%9D%EA%B8%88-%EB%8B%B4%EB%B3%B4%EB%8C%80%EC%B6%9C-%EC%96%91%EB%8F%84-%EC%A0%84%EC%84%B8%EA%B6%8C-%EC%84%A4%EC%A0%95,301
www.jjyu.co.kr/w/%EC%A0%84%EC%84%B8%EB%B3%B4%EC%A6%9D%EA%B8%88%20%EB%8B%B4%EB%B3%B4%20%EB%8C%80%EC%B6%9C,https://www.jjyu.co.kr/w/%EC%A0%84%EC%84%B8%EB%B3%B4%EC%A6%9D%EA%B8%88-%EB%8B%B4%EB%B3%B4%EB%8C%80%EC%B6%9C-%EC%96%91%EB%8F%84-%EC%A0%84%EC%84%B8%EA%B6%8C-%EC%84%A4%EC%A0%95,301
www.jjyu.co.kr/w/%EC%A0%84%EC%84%B8%EB%B3%B4%EC%A6%9D%EA%B8%88%EB%B0%98%ED%99%98%EC%B1%84%EA%B6%8C%20%EC%96%91%EB%8F%84,https://www.jjyu.co.kr/w/%EC%A0%84%EC%84%B8%EB%B3%B4%EC%A6%9D%EA%B8%88-%EB%8B%B4%EB%B3%B4%EB%8C%80%EC%B6%9C-%EC%96%91%EB%8F%84-%EC%A0%84%EC%84%B8%EA%B6%8C-%EC%84%A4%EC%A0%95,301
www.jjyu.co.kr/w/%EC%A0%84%EC%84%B8%EC%82%AC%EA%B8%B0%20%EC%A3%BC%ED%83%9D%EC%88%98%20%EC%A0%9C%EC%99%B8,https://www.jjyu.co.kr/w/%EC%A0%84%EC%84%B8%EC%82%AC%EA%B8%B0%ED%94%BC%ED%95%B4%EC%A3%BC%ED%83%9D-%EC%84%B8%EA%B8%88%EA%B0%90%EB%A9%B4,301
www.jjyu.co.kr/w/%EC%A0%84%EC%84%B8%EC%82%AC%EA%B8%B0%ED%94%BC%ED%95%B4%EC%A3%BC%ED%83%9D%20%EC%84%B8%EA%B8%88%EA%B0%90%EB%A9%B4,https://www.jjyu.co.kr/w/%EC%A0%84%EC%84%B8%EC%82%AC%EA%B8%B0%ED%94%BC%ED%95%B4%EC%A3%BC%ED%83%9D-%EC%84%B8%EA%B8%88%EA%B0%90%EB%A9%B4,301
www.jjyu.co.kr/w/%EC%A0%84%EC%9B%94%EC%84%B8%20%EA%B3%84%EC%95%BD%20%EA%B0%B1%EC%8B%A0%EA%B1%B0%EC%A0%88,https://www.jjyu.co.kr/w/%EB%AC%B5%EC%8B%9C%EC%A0%81%EA%B0%B1%EC%8B%A0-%EA%B8%B0%EA%B0%84-%EC%A1%B0%EA%B1%B4-%EC%A0%84%EC%9B%94%EC%84%B8-%EA%B3%84%EC%95%BD-%EC%9E%90%EB%8F%99-%EC%97%B0%EC%9E%A5,301
www.jjyu.co.kr/w/%EC%A0%84%EC%9B%94%EC%84%B8%20%EC%83%81%ED%95%9C%EC%A0%9C%20%EA%B3%84%EC%82%B0%EA%B8%B0,https://www.jjyu.co.kr/w/%EC%A0%84%EC%9B%94%EC%84%B8%EC%83%81%ED%95%9C%EC%A0%9C-%EA%B3%84%EC%82%B0,301
www.jjyu.co.kr/w/%EC%A0%84%EC%9B%94%EC%84%B8%EC%83%81%ED%95%9C%EC%A0%9C%205%25,https://www.jjyu.co.kr/w/%EC%A0%84%EC%9B%94%EC%84%B8%EC%83%81%ED%95%9C%EC%A0%9C-%EA%B3%84%EC%82%B0,301
www.jjyu.co.kr/w/%EC%A0%84%EC%9B%94%EC%84%B8%EC%83%81%ED%95%9C%EC%A0%9C%20%EA%B3%84%EC%82%B0,https://www.jjyu.co.kr/w/%EC%A0%84%EC%9B%94%EC%84%B8%EC%83%81%ED%95%9C%EC%A0%9C-%EA%B3%84%EC%82%B0,301
www.jjyu.co.kr/w/%EC%A0%84%EC%9B%94%EC%84%B8%EC%8B%A0%EA%B3%A0%20%EA%B3%BC%ED%83%9C%EB%A3%8C,https://www.jjyu.co.kr/w/%EC%A0%84%EC%9B%94%EC%84%B8%EC%8B%A0%EA%B3%A0-%EA%B3%BC%ED%83%9C%EB%A3%8C,301
www.jjyu.co.kr/w/%EC%A0%84%EC%9E%85%EC%8B%A0%EA%B3%A0%20%EC%98%A8%EB%9D%BC%EC%9D%B8,https://www.jjyu.co.kr/w/%EC%A0%95%EB%B6%8024-%EC%A0%84%EC%9E%85%EC%8B%A0%EA%B3%A0-%EC%98%A8%EB%9D%BC%EC%9D%B8-%EC%8B%A0%EC%B2%AD%EB%B0%A9%EB%B2%95,301
www.jjyu.co.kr/w/%EC%A0%84%EC%9E%85%EC%8B%A0%EA%B3%A0%20%EC%9D%B8%ED%84%B0%EB%84%B7%20%EC%8B%A0%EC%B2%AD,https://www.jjyu.co.kr/w/%ED%99%95%EC%A0%95%EC%9D%BC%EC%9E%90-%EB%B6%80%EC%97%AC-%ED%98%84%ED%99%A9-%EC%A1%B0%ED%9A%8C-%EB%B0%8F-%EC%A0%84%EC%9E%85%EC%8B%A0%EA%B3%A0-%EC%9D%B8%ED%84%B0%EB%84%B7-%EC%8B%A0%EC%B2%AD,301
www.jjyu.co.kr/w/%EC%A0%84%EC%9E%85%EC%8B%A0%EA%B3%A0%20%EC%9E%90%EB%8F%99%EC%B0%A8%EB%93%B1%EB%A1%9D,https://www.jjyu.co.kr/w/%EC%9E%90%EB%8F%99%EC%B0%A8-%EB%B3%80%EA%B2%BD%EB%93%B1%EB%A1%9D-%EC%9D%B4%EC%82%AC-%EC%A0%84%EC%9E%85%EC%8B%A0%EA%B3%A0-%EC%A7%80%EC%97%AD%EB%B2%88%ED%98%B8%ED%8C%90,301
www.jjyu.co.kr/w/%EC%A0%84%EC%9E%85%EC%8B%A0%EA%B3%A0%20%ED%99%95%EC%A0%95%EC%9D%BC%EC%9E%90,https://www.jjyu.co.kr/w/%EC%A0%84%EC%9E%85%EC%8B%A0%EA%B3%A0-%ED%99%95%EC%A0%95%EC%9D%BC%EC%9E%90-%EB%8C%80%ED%95%AD%EB%A0%A5-%EC%9A%B0%EC%84%A0%EB%B3%80%EC%A0%9C%EA%B6%8C-%EC%B0%A8%EC%9D%B4,301
www.jjyu.co.kr/w/%EC%A0%84%EC%9E%85%EC%8B%A0%EA%B3%A0%20%ED%99%95%EC%A0%95%EC%9D%BC%EC%9E%90%20%EC%B0%A8%EC%9D%B4,https://www.jjyu.co.kr/w/%EC%A0%84%EC%9E%85%EC%8B%A0%EA%B3%A0-%ED%99%95%EC%A0%95%EC%9D%BC%EC%9E%90-%EB%8C%80%ED%95%AD%EB%A0%A5-%EC%9A%B0%EC%84%A0%EB%B3%80%EC%A0%9C%EA%B6%8C-%EC%B0%A8%EC%9D%B4,301
www.jjyu.co.kr/w/%EC%A0%84%ED%86%B5%EC%8B%9C%EC%9E%A5%2040%25%20%EA%B3%B5%EC%A0%9C,https://www.jjyu.co.kr/w/%EC%A0%84%ED%86%B5%EC%8B%9C%EC%9E%A5-%EC%86%8C%EB%93%9D%EA%B3%B5%EC%A0%9C-%EC%97%B0%EB%A7%90%EC%A0%95%EC%82%B0,301
www.jjyu.co.kr/w/%EC%A0%84%ED%86%B5%EC%8B%9C%EC%9E%A5%20%EC%86%8C%EB%93%9D%EA%B3%B5%EC%A0%9C,https://www.jjyu.co.kr/w/%EC%A0%84%ED%86%B5%EC%8B%9C%EC%9E%A5-%EC%86%8C%EB%93%9D%EA%B3%B5%EC%A0%9C-%EC%97%B0%EB%A7%90%EC%A0%95%EC%82%B0,301
www.jjyu.co.kr/w/%EC%A0%90%ED%8F%AC%EC%B2%A0%EA%B1%B0%EB%B9%84%20%EC%8B%A0%EC%B2%AD%EB%B0%A9%EB%B2%95,https://www.jjyu.co.kr/w/%EC%A0%90%ED%8F%AC%EC%B2%A0%EA%B1%B0%EB%B9%84-600%EB%A7%8C%EC%9B%90-%EC%A7%80%EC%9B%90%EA%B8%88-%EC%8B%A0%EC%B2%AD%EB%B0%A9%EB%B2%95,301
www.jjyu.co.kr/w/%EC%A0%90%ED%8F%AC%EC%B2%A0%EA%B1%B0%EB%B9%84%20%EC%A7%80%EC%9B%90,https://www.jjyu.co.kr/w/%EC%A0%90%ED%8F%AC%EC%B2%A0%EA%B1%B0%EB%B9%84-600%EB%A7%8C%EC%9B%90-%EC%A7%80%EC%9B%90%EA%B8%88-%EC%8B%A0%EC%B2%AD%EB%B0%A9%EB%B2%95,301
www.jjyu.co.kr/w/%EC%A0%91%EB%8C%80%EB%B9%84%20%EC%86%90%EA%B8%88%EC%82%B0%EC%9E%85,https://www.jjyu.co.kr/w/%EC%A0%91%EB%8C%80%EB%B9%84-%ED%95%9C%EB%8F%84-%EB%B2%95%EC%9D%B8-%EC%86%90%EA%B8%88%EC%82%B0%EC%9E%85-%EA%B8%B0%EC%A4%80,301
www.jjyu.co.kr/w/%EC%A0%91%EB%8C%80%EB%B9%84%20%ED%95%9C%EB%8F%84,https://www.jjyu.co.kr/w/%EC%A0%91%EB%8C%80%EB%B9%84-%ED%95%9C%EB%8F%84-%EB%B2%95%EC%9D%B8-%EC%86%90%EA%B8%88%EC%82%B0%EC%9E%85-%EA%B8%B0%EC%A4%80,301
www.jjyu.co.kr/w/%EC%A0%95%EB%B6%8024%20%EC%83%9D%ED%99%9C%EA%B8%B0%EB%A1%9D%EB%B6%80%20%EB%B0%9C%EA%B8%89,https://www.jjyu.co.kr/w/%EC%A0%95%EB%B6%8024-%EC%83%9D%ED%99%9C%EA%B8%B0%EB%A1%9D%EB%B6%80-%EB%B0%9C%EA%B8%89-%EB%B0%8F-%EC%A3%BC%EB%AF%BC%EB%93%B1%EB%A1%9D%EB%93%B1%EB%B3%B8-%EC%9D%B8%ED%84%B0%EB%84%B7-%EB%B0%9C%EA%B8%89,301
www.jjyu.co.kr/w/%EC%A0%95%EB%B6%8024%20%EC%A0%84%EC%9E%85%EC%8B%A0%EA%B3%A0,https://www.jjyu.co.kr/w/%EC%A0%95%EB%B6%8024-%EC%A0%84%EC%9E%85%EC%8B%A0%EA%B3%A0-%EC%98%A8%EB%9D%BC%EC%9D%B8-%EC%8B%A0%EC%B2%AD%EB%B0%A9%EB%B2%95,301
www.jjyu.co.kr/w/%EC%A0%95%EB%B6%8024%20%EC%A3%BC%EB%AF%BC%EB%93%B1%EB%A1%9D%EC%B4%88%EB%B3%B8,https://www.jjyu.co.kr/w/%EC%A0%95%EB%B6%8024-%EC%83%9D%ED%99%9C%EA%B8%B0%EB%A1%9D%EB%B6%80-%EB%B0%9C%EA%B8%89-%EB%B0%8F-%EC%A3%BC%EB%AF%BC%EB%93%B1%EB%A1%9D%EB%93%B1%EB%B3%B8-%EC%9D%B8%ED%84%B0%EB%84%B7-%EB%B0%9C%EA%B8%89,301
www.jjyu.co.kr/w/%EC%A0%9C%EA%B3%B1%EB%AF%B8%ED%84%B0%20%ED%8F%89%20%EB%B3%80%ED%99%98,https://www.jjyu.co.kr/w/%ED%8F%89%EC%88%98-%EA%B3%84%EC%82%B0%EA%B8%B0,301
www.jjyu.co.kr/w/%EC%A1%B0%EA%B8%B0%EC%97%B0%EA%B8%88%20%EA%B3%84%EC%82%B0,https://www.jjyu.co.kr/w/%EA%B5%AD%EB%AF%BC%EC%97%B0%EA%B8%88-%EC%88%98%EB%A0%B9%EC%95%A1-%EA%B3%84%EC%82%B0%EA%B8%B0,301
www.jjyu.co.kr/w/%EC%A1%B0%EA%B8%B0%EC%9E%AC%EC%B7%A8%EC%97%85%EC%88%98%EB%8B%B9%20%EA%B8%88%EC%95%A1%20%EA%B3%84%EC%82%B0,https://www.jjyu.co.kr/w/%EC%A1%B0%EA%B8%B0%EC%9E%AC%EC%B7%A8%EC%97%85%EC%88%98%EB%8B%B9-%EC%B2%AD%EA%B5%AC-%EC%8B%9C%EA%B8%B0-%EC%A7%80%EA%B8%89-%EC%A1%B0%EA%B1%B4,301
www.jjyu.co.kr/w/%EC%A1%B0%EA%B8%B0%EC%9E%AC%EC%B7%A8%EC%97%85%EC%88%98%EB%8B%B9%20%EC%A7%80%EA%B8%89%20%EC%A1%B0%EA%B1%B4,https://www.jjyu.co.kr/w/%EC%A1%B0%EA%B8%B0%EC%9E%AC%EC%B7%A8%EC%97%85%EC%88%98%EB%8B%B9-%EC%B2%AD%EA%B5%AC-%EC%8B%9C%EA%B8%B0-%EC%A7%80%EA%B8%89-%EC%A1%B0%EA%B1%B4,301
www.jjyu.co.kr/w/%EC%A1%B0%EA%B8%B0%EC%9E%AC%EC%B7%A8%EC%97%85%EC%88%98%EB%8B%B9%20%EC%B2%AD%EA%B5%AC%20%EC%8B%9C%EA%B8%B0,https://www.jjyu.co.kr/w/%EC%A1%B0%EA%B8%B0%EC%9E%AC%EC%B7%A8%EC%97%85%EC%88%98%EB%8B%B9-%EC%B2%AD%EA%B5%AC-%EC%8B%9C%EA%B8%B0-%EC%A7%80%EA%B8%89-%EC%A1%B0%EA%B1%B4,301
www.jjyu.co.kr/w/%EC%A1%B0%EC%A0%95%EC%A7%80%EC%97%AD%20%EA%B1%B0%EC%A3%BC%EC%9A%94%EA%B1%B4,https://www.jjyu.co.kr/w/1%EC%84%B8%EB%8C%801%EC%A3%BC%ED%83%9D-%EC%96%91%EB%8F%84%EC%86%8C%EB%93%9D%EC%84%B8-%EB%B9%84%EA%B3%BC%EC%84%B8-%EC%A1%B0%EC%A0%95%EC%A7%80%EC%97%AD-%EA%B1%B0%EC%A3%BC%EC%9A%94%EA%B1%B4,301
www.jjyu.co.kr/w/%EC%A3%BC%2015%EC%8B%9C%EA%B0%84%20%EA%B8%B0%EC%A4%80,https://www.jjyu.co.kr/w/%EC%95%8C%EB%B0%94-4%EB%8C%80%EB%B3%B4%ED%97%98-%EA%B0%80%EC%9E%85-%EC%A1%B0%EA%B1%B4-%EC%A3%BC-15%EC%8B%9C%EA%B0%84-%EA%B8%B0%EC%A4%80,301
www.jjyu.co.kr/w/%EC%A3%BC52%EC%8B%9C%EA%B0%84%20%EA%B7%BC%EB%AC%B4%EC%A0%9C%20%EC%98%88%EC%99%B8,https://www.jjyu.co.kr/w/%EC%A3%BC52%EC%8B%9C%EA%B0%84-%EA%B7%BC%EB%AC%B4%EC%A0%9C-%EC%9C%84%EB%B0%98-%EC%B2%98%EB%B2%8C,301
www.jjyu.co.kr/w/%EC%A3%BC%EB%8B%B4%EB%8C%80%20%EA%B3%84%EC%82%B0%EA%B8%B0,https://www.jjyu.co.kr/w/%EC%A3%BC%ED%83%9D%EB%8B%B4%EB%B3%B4%EB%8C%80%EC%B6%9C-%EA%B3%84%EC%82%B0%EA%B8%B0,301
www.jjyu.co.kr/w/%EC%A3%BC%EB%8B%B4%EB%8C%80%20%EC%9B%94%20%EC%83%81%ED%99%98%EA%B8%88,https://www.jjyu.co.kr/w/%EC%A3%BC%ED%83%9D%EB%8B%B4%EB%B3%B4%EB%8C%80%EC%B6%9C-%EA%B3%84%EC%82%B0%EA%B8%B0,301
www.jjyu.co.kr/w/%EC%A3%BC%EB%8B%B4%EB%8C%80%20%EC%9D%B4%EC%9E%90,https://www.jjyu.co.kr/w/%EC%A3%BC%ED%83%9D%EB%8B%B4%EB%B3%B4%EB%8C%80%EC%B6%9C-%EA%B3%84%EC%82%B0%EA%B8%B0,301
www.jjyu.co.kr/w/%EC%A3%BC%EB%AF%BC%EB%93%B1%EB%A1%9D%EB%93%B1%EB%B3%B8%20%EC%9D%B8%ED%84%B0%EB%84%B7%20%EB%B0%9C%EA%B8%89,https://www.jjyu.co.kr/w/%EC%A0%95%EB%B6%8024-%EC%83%9D%ED%99%9C%EA%B8%B0%EB%A1%9D%EB%B6%80-%EB%B0%9C%EA%B8%89-%EB%B0%8F-%EC%A3%BC%EB%AF%BC%EB%93%B1%EB%A1%9D%EB%93%B1%EB%B3%B8-%EC%9D%B8%ED%84%B0%EB%84%B7-%EB%B0%9C%EA%B8%89,301
www.jjyu.co.kr/w/%EC%A3%BC%ED%83%9D%20%EC%9B%94%EC%84%B8%20%ED%98%84%EA%B8%88%EC%98%81%EC%88%98%EC%A6%9D,https://www.jjyu.co.kr/w/%EC%A3%BC%ED%83%9D-%EC%9B%94%EC%84%B8-%ED%98%84%EA%B8%88%EC%98%81%EC%88%98%EC%A6%9D-%EC%8B%A0%EC%B2%AD-%EB%B0%A9%EB%B2%95,301
www.jjyu.co.kr/w/%EC%A3%BC%ED%83%9D%20%EC%9D%B4%EC%9A%A9%20%EB%B0%A9%EB%B2%95,https://www.jjyu.co.kr/w/%EC%A3%BC%ED%83%9D-%EC%9D%B4%EC%9A%A9-%EB%B0%A9%EB%B2%95-%EC%A0%84%EC%84%B8-%EC%9B%94%EC%84%B8-%EC%B0%A8%EC%9D%B4,301
www.jjyu.co.kr/w/%EC%A3%BC%ED%83%9D%20%EC%9E%AC%EC%82%B0%EC%84%B8,https://www.jjyu.co.kr/w/%EC%9E%AC%EC%82%B0%EC%84%B8,301
www.jjyu.co.kr/w/%EC%A3%BC%ED%83%9D%20%EC%B7%A8%EB%93%9D%EC%84%B8,https://www.jjyu.co.kr/w/%EC%B7%A8%EB%93%9D%EC%84%B8-%EC%84%B8%EC%9C%A8,301
www.jjyu.co.kr/w/%EC%A3%BC%ED%83%9D%EB%8B%B4%EB%B3%B4%EB%8C%80%EC%B6%9C%20%EA%B3%84%EC%82%B0%EA%B8%B0,https://www.jjyu.co.kr/w/%EC%A3%BC%ED%83%9D%EB%8B%B4%EB%B3%B4%EB%8C%80%EC%B6%9C-%EA%B3%84%EC%82%B0%EA%B8%B0,301
www.jjyu.co.kr/w/%EC%A3%BC%ED%83%9D%EC%9E%84%EB%8C%80%EC%B0%A8%20%EA%B3%84%EC%95%BD%20%EA%B0%B1%EC%8B%A0,https://www.jjyu.co.kr/w/%EB%AC%B5%EC%8B%9C%EC%A0%81%EA%B0%B1%EC%8B%A0-%EA%B8%B0%EA%B0%84-%EC%A1%B0%EA%B1%B4-%EC%A0%84%EC%9B%94%EC%84%B8-%EA%B3%84%EC%95%BD-%EC%9E%90%EB%8F%99-%EC%97%B0%EC%9E%A5,301
www.jjyu.co.kr/w/%EC%A3%BC%ED%9C%B4%EC%9D%BC,https://www.jjyu.co.kr/w/%EC%A3%BC%ED%9C%B4%EC%9D%BC-%ED%9C%B4%EC%9D%BC%EB%8C%80%EC%B2%B4-%EA%B7%BC%EB%A1%9C%EC%9E%90-%EB%8F%99%EC%9D%98-%EC%9A%94%EA%B1%B4-%EB%B0%A9%EB%B2%95,301
www.jjyu.co.kr/w/%EC%A4%91%EA%B0%9C%EB%B3%B4%EC%88%98%20%EA%B3%84%EC%82%B0,https://www.jjyu.co.kr/w/%EC%A4%91%EA%B0%9C%EC%88%98%EC%88%98%EB%A3%8C-%EA%B3%84%EC%82%B0%EA%B8%B0,301
www.jjyu.co.kr/w/%EC%A4%91%EA%B0%9C%EC%88%98%EC%88%98%EB%A3%8C%20%EA%B3%84%EC%82%B0%20%EB%B0%A9%EB%B2%95,https://www.jjyu.co.kr/w/%EB%B6%80%EB%8F%99%EC%82%B0-%EC%A4%91%EA%B0%9C%EC%88%98%EC%88%98%EB%A3%8C-%EC%9A%94%EC%9C%A8-%EA%B3%84%EC%82%B0,301
www.jjyu.co.kr/w/%EC%A4%91%EA%B0%9C%EC%88%98%EC%88%98%EB%A3%8C%20%EA%B3%84%EC%82%B0%EA%B8%B0,https://www.jjyu.co.kr/w/%EC%A4%91%EA%B0%9C%EC%88%98%EC%88%98%EB%A3%8C-%EA%B3%84%EC%82%B0%EA%B8%B0,301
www.jjyu.co.kr/w/%EC%A4%91%EA%B0%9C%EC%88%98%EC%88%98%EB%A3%8C%20%EC%83%81%ED%95%9C%EC%9C%A8,https://www.jjyu.co.kr/w/%EB%B6%80%EB%8F%99%EC%82%B0-%EC%A4%91%EA%B0%9C%EC%88%98%EC%88%98%EB%A3%8C-%EB%B3%B5%EB%B9%84-%EA%B3%84%EC%82%B0-%EC%9A%94%EC%9C%A8%ED%91%9C-%EB%B0%8F-%ED%98%84%EA%B8%88%EC%98%81%EC%88%98%EC%A6%9D-%EC%9D%98%EB%AC%B4,301
www.jjyu.co.kr/w/%EC%A4%91%EA%B0%9C%EC%88%98%EC%88%98%EB%A3%8C%20%EC%97%B0%EB%A7%90%EC%A0%95%EC%82%B0,https://www.jjyu.co.kr/w/%EB%B6%80%EB%8F%99%EC%82%B0-%EB%B3%B5%EB%B9%84-%EC%97%B0%EB%A7%90%EC%A0%95%EC%82%B0-%EC%86%8C%EB%93%9D%EA%B3%B5%EC%A0%9C-30,301
www.jjyu.co.kr/w/%EC%A4%91%EA%B0%9C%EC%88%98%EC%88%98%EB%A3%8C%20%ED%98%84%EA%B8%88%EC%98%81%EC%88%98%EC%A6%9D,https://www.jjyu.co.kr/w/%EB%B6%80%EB%8F%99%EC%82%B0-%EC%A4%91%EA%B0%9C%EC%88%98%EC%88%98%EB%A3%8C-%EB%B3%B5%EB%B9%84-%EA%B3%84%EC%82%B0-%EC%9A%94%EC%9C%A8%ED%91%9C-%EB%B0%8F-%ED%98%84%EA%B8%88%EC%98%81%EC%88%98%EC%A6%9D-%EC%9D%98%EB%AC%B4,301
www.jjyu.co.kr/w/%EC%A4%91%EA%B0%9C%ED%98%95%20IRP%20%EC%88%98%EC%88%98%EB%A3%8C,https://www.jjyu.co.kr/w/%EC%A4%91%EA%B0%9C%ED%98%95-IRP-%EC%9E%A5%EC%A0%90-%EC%88%98%EC%88%98%EB%A3%8C-%ED%88%AC%EC%9E%90-%EC%83%81%ED%92%88,301
www.jjyu.co.kr/w/%EC%A6%9D%EA%B6%8C%EC%82%AC%20%EC%9D%80%ED%96%89%20IRP%20%EC%84%A0%ED%83%9D,https://www.jjyu.co.kr/w/%ED%87%B4%EC%A7%81%EC%97%B0%EA%B8%88-%EC%88%98%EC%88%98%EB%A3%8C-%EB%B9%84%EA%B5%90-%EC%A6%9D%EA%B6%8C%EC%82%AC-%EC%9D%80%ED%96%89-%EC%84%A0%ED%83%9D,301
www.jjyu.co.kr/w/%EC%A6%9D%EC%97%AC%EC%84%B8%20%EA%B3%84%EC%82%B0,https://www.jjyu.co.kr/w/%EC%A6%9D%EC%97%AC%EC%84%B8-%EA%B3%84%EC%82%B0-%EC%84%B8%EC%9C%A8-%EA%B3%B5%EC%A0%9C,301
www.jjyu.co.kr/w/%EC%A6%9D%EC%97%AC%EC%84%B8%20%EA%B3%84%EC%82%B0%EA%B8%B0,https://www.jjyu.co.kr/w/%EC%A6%9D%EC%97%AC%EC%84%B8-%EA%B3%84%EC%82%B0%EA%B8%B0,301
www.jjyu.co.kr/w/%EC%A6%9D%EC%97%AC%EC%84%B8%EC%9C%A8,https://www.jjyu.co.kr/w/%EC%A6%9D%EC%97%AC%EC%84%B8,301
www.jjyu.co.kr/w/%EC%A6%9D%EC%97%AC%EC%9E%AC%EC%82%B0%EA%B3%B5%EC%A0%9C,https://www.jjyu.co.kr/w/%EC%A6%9D%EC%97%AC%EC%84%B8-%EA%B3%84%EC%82%B0%EA%B8%B0,301
www.jjyu.co.kr/w/%EC%A6%9D%EC%B6%95%20%EA%B3%B5%EC%82%AC%20%EC%B0%A9%EC%88%98,https://www.jjyu.co.kr/w/%EC%A6%9D%EC%B6%95%ED%97%88%EA%B0%80-%EC%B0%A9%EA%B3%B5%EC%8B%A0%EA%B3%A0-%EB%B3%84%EB%8F%84-%EC%A0%88%EC%B0%A8,301
www.jjyu.co.kr/w/%EC%A6%9D%EC%B6%95%ED%97%88%EA%B0%80%20%EC%B0%A9%EA%B3%B5%EC%8B%A0%EA%B3%A0,https://www.jjyu.co.kr/w/%EC%A6%9D%EC%B6%95%ED%97%88%EA%B0%80-%EC%B0%A9%EA%B3%B5%EC%8B%A0%EA%B3%A0-%EB%B3%84%EB%8F%84-%EC%A0%88%EC%B0%A8,301
www.jjyu.co.kr/w/%EC%A7%80%EB%B0%A9%EC%84%A0%EA%B1%B0-%EC%95%8C%EB%B0%94-2026-%EC%A7%81%EC%A2%85%EB%B3%84-%EA%B8%89%EC%97%AC-%EC%8B%A0%EC%B2%AD%EB%B0%A9%EB%B2%95,https://www.jjyu.co.kr/w/%EC%84%A0%EA%B1%B0%EC%95%8C%EB%B0%94-%EC%8B%A0%EC%B2%AD%EB%B0%A9%EB%B2%95-%EC%84%A0%EA%B4%80%EC%9C%84-%EA%B3%B5%EA%B3%A0%EC%B0%BE%EA%B8%B0,301
www.jjyu.co.kr/w/%EC%A7%80%EC%97%AD%EB%B2%88%ED%98%B8%ED%8C%90%20%EB%B3%80%EA%B2%BD%EB%93%B1%EB%A1%9D,https://www.jjyu.co.kr/w/%EC%9E%90%EB%8F%99%EC%B0%A8-%EB%B3%80%EA%B2%BD%EB%93%B1%EB%A1%9D-%EC%9D%B4%EC%82%AC-%EC%A0%84%EC%9E%85%EC%8B%A0%EA%B3%A0-%EC%A7%80%EC%97%AD%EB%B2%88%ED%98%B8%ED%8C%90,301
www.jjyu.co.kr/w/%EC%A7%80%EC%97%AD%EC%82%AC%EB%9E%91%EC%83%81%ED%92%88%EA%B6%8C%20%EC%9E%AC%EB%B0%9C%EA%B8%89,https://www.jjyu.co.kr/w/%EC%A7%80%EC%97%AD%EC%82%AC%EB%9E%91%EC%83%81%ED%92%88%EA%B6%8C-%ED%9B%BC%EC%86%90-%EC%9E%AC%EB%B0%9C%EA%B8%89,301
www.jjyu.co.kr/w/%EC%A7%80%EC%97%AD%EC%82%AC%EB%9E%91%EC%83%81%ED%92%88%EA%B6%8C%20%EC%9E%AC%EB%B0%9C%EA%B8%89%20%EB%B0%A9%EB%B2%95,https://www.jjyu.co.kr/w/%EC%A7%80%EC%97%AD%EC%82%AC%EB%9E%91%EC%83%81%ED%92%88%EA%B6%8C-%ED%9B%BC%EC%86%90-%EC%9E%AC%EB%B0%9C%EA%B8%89-%EB%B0%A9%EB%B2%95,301
www.jjyu.co.kr/w/%EC%A7%80%EC%97%AD%EC%82%AC%EB%9E%91%EC%83%81%ED%92%88%EA%B6%8C%20%ED%9B%BC%EC%86%90,https://www.jjyu.co.kr/w/%EC%A7%80%EC%97%AD%EC%82%AC%EB%9E%91%EC%83%81%ED%92%88%EA%B6%8C-%ED%9B%BC%EC%86%90-%EC%9E%AC%EB%B0%9C%EA%B8%89,301
www.jjyu.co.kr/w/%EC%A7%91%EC%A3%BC%EC%9D%B8%20%EB%B3%80%EA%B2%BD,https://www.jjyu.co.kr/w/%EC%A7%91%EC%A3%BC%EC%9D%B8-%EB%B3%80%EA%B2%BD-%EC%9E%84%EC%B0%A8%EC%9D%B8-%EA%B6%8C%EB%A6%AC,301
www.jjyu.co.kr/w/%EC%B0%A9%EA%B3%B5%EC%8B%A0%EA%B3%A0%20%EC%A0%88%EC%B0%A8,https://www.jjyu.co.kr/w/%EC%A6%9D%EC%B6%95%ED%97%88%EA%B0%80-%EC%B0%A9%EA%B3%B5%EC%8B%A0%EA%B3%A0-%EB%B3%84%EB%8F%84-%EC%A0%88%EC%B0%A8,301
www.jjyu.co.kr/w/%EC%B1%84%EA%B6%8C%20%EC%86%8C%EB%A9%B8%EC%8B%9C%ED%9A%A8%2010%EB%85%84,https://www.jjyu.co.kr/w/%EC%B1%84%EA%B6%8C-%EC%86%8C%EB%A9%B8%EC%8B%9C%ED%9A%A8-10%EB%85%84-%EC%B1%84%EB%AC%B4%EC%8A%B9%EC%9D%B8-%EC%A4%91%EB%8B%A8,301
www.jjyu.co.kr/w/%EC%B1%84%EB%AC%B4%20%EC%8A%B9%EC%9D%B8%20%EC%86%8C%EB%A9%B8%EC%8B%9C%ED%9A%A8%20%EC%A4%91%EB%8B%A8,https://www.jjyu.co.kr/w/%EC%B1%84%EA%B6%8C-%EC%86%8C%EB%A9%B8%EC%8B%9C%ED%9A%A8-10%EB%85%84-%EC%B1%84%EB%AC%B4%EC%8A%B9%EC%9D%B8-%EC%A4%91%EB%8B%A8,301
www.jjyu.co.kr/w/%EC%B1%84%EB%AC%B4%EC%9E%90%20%EC%82%AC%EB%A7%9D%20%EA%B0%80%EC%95%95%EB%A5%98%20%EC%8B%A0%EC%B2%AD,https://www.jjyu.co.kr/w/%EC%82%AC%EB%A7%9D%ED%95%9C-%EC%B1%84%EB%AC%B4%EC%9E%90-%EA%B0%80%EC%95%95%EB%A5%98-%EC%8B%A0%EC%B2%AD-%EC%83%81%EC%86%8D%EC%9D%B8-%EB%B0%A9%EB%B2%95,301
www.jjyu.co.kr/w/%EC%B1%84%EB%AC%B4%EC%9E%90%20%EC%82%AC%EB%A7%9D%20%EA%B0%80%EC%95%95%EB%A5%98%20%EC%9C%A0%ED%9A%A8,https://www.jjyu.co.kr/w/%EA%B0%80%EC%95%95%EB%A5%98-%EC%8B%A0%EC%B2%AD-%ED%9B%84-%EC%B1%84%EB%AC%B4%EC%9E%90-%EC%82%AC%EB%A7%9D-%EC%8A%B9%EA%B3%84%EC%A7%91%ED%96%89%EB%AC%B8,301
www.jjyu.co.kr/w/%EC%B2%AB%EB%A7%8C%EB%82%A8%20%EB%B0%94%EC%9A%B0%EC%B2%98%20%EC%9E%94%EC%95%A1%EC%A1%B0%ED%9A%8C,https://www.jjyu.co.kr/w/%EC%B2%AB%EB%A7%8C%EB%82%A8-%EC%9D%B4%EC%9A%A9%EA%B6%8C-%EB%B0%94%EC%9A%B0%EC%B2%98-%EC%82%AC%EC%9A%A9%EC%B2%98-%EB%B0%8F-%EC%9E%94%EC%95%A1-%EC%A1%B0%ED%9A%8C,301
www.jjyu.co.kr/w/%EC%B2%AB%EB%A7%8C%EB%82%A8%EC%9D%B4%EC%9A%A9%EA%B6%8C%20%EC%82%AC%EC%9A%A9%EC%B2%98,https://www.jjyu.co.kr/w/%EC%B2%AB%EB%A7%8C%EB%82%A8-%EC%9D%B4%EC%9A%A9%EA%B6%8C-%EB%B0%94%EC%9A%B0%EC%B2%98-%EC%82%AC%EC%9A%A9%EC%B2%98-%EB%B0%8F-%EC%9E%94%EC%95%A1-%EC%A1%B0%ED%9A%8C,301
www.jjyu.co.kr/w/%EC%B2%AB%EB%A7%8C%EB%82%A8%EC%9D%B4%EC%9A%A9%EA%B6%8C%20%EC%82%AC%EC%9A%A9%EC%B2%98%20%ED%99%95%EC%9D%B8,https://www.jjyu.co.kr/w/%EC%B2%AB%EB%A7%8C%EB%82%A8-%EC%9D%B4%EC%9A%A9%EA%B6%8C-%EB%B0%94%EC%9A%B0%EC%B2%98-%EC%82%AC%EC%9A%A9%EC%B2%98-%EB%B0%8F-%EC%9E%94%EC%95%A1-%EC%A1%B0%ED%9A%8C,301
www.jjyu.co.kr/w/%EC%B2%AD%EB%85%84%EB%AF%B8%EB%9E%98%EC%A0%81%EA%B8%88%2012%25,https://www.jjyu.co.kr/w/%EC%B2%AD%EB%85%84%EB%AF%B8%EB%9E%98%EC%A0%81%EA%B8%88-%EA%B8%B0%EC%97%AC%EA%B8%88,301
www.jjyu.co.kr/w/%EC%B2%AD%EB%85%84%EB%AF%B8%EB%9E%98%EC%A0%81%EA%B8%88%206%25,https://www.jjyu.co.kr/w/%EC%B2%AD%EB%85%84%EB%AF%B8%EB%9E%98%EC%A0%81%EA%B8%88-%EA%B8%B0%EC%97%AC%EA%B8%88,301
www.jjyu.co.kr/w/%EC%B2%AD%EB%85%84%EB%AF%B8%EB%9E%98%EC%A0%81%EA%B8%88%20%EA%B8%B0%EC%97%AC%EA%B8%88,https://www.jjyu.co.kr/w/%EC%B2%AD%EB%85%84%EB%AF%B8%EB%9E%98%EC%A0%81%EA%B8%88-%EA%B8%B0%EC%97%AC%EA%B8%88,301
www.jjyu.co.kr/w/%EC%B2%AD%EB%85%84%EB%AF%B8%EB%9E%98%EC%A0%81%EA%B8%88%20%EA%B8%B0%EC%97%AC%EA%B8%88%20%EB%B0%98%ED%99%98,https://www.jjyu.co.kr/w/%EC%B2%AD%EB%85%84%EB%AF%B8%EB%9E%98%EC%A0%81%EA%B8%88-%EC%A4%91%EB%8F%84%ED%95%B4%EC%A7%80,301
www.jjyu.co.kr/w/%EC%B2%AD%EB%85%84%EB%AF%B8%EB%9E%98%EC%A0%81%EA%B8%88%20%EB%82%98%EC%9D%B4,https://www.jjyu.co.kr/w/%EC%B2%AD%EB%85%84%EB%AF%B8%EB%9E%98%EC%A0%81%EA%B8%88-%EC%9E%90%EA%B2%A9%EC%A1%B0%EA%B1%B4,301
www.jjyu.co.kr/w/%EC%B2%AD%EB%85%84%EB%AF%B8%EB%9E%98%EC%A0%81%EA%B8%88%20%EB%8C%80%ED%95%99%EC%83%9D,https://www.jjyu.co.kr/w/%EC%B2%AD%EB%85%84%EB%AF%B8%EB%9E%98%EC%A0%81%EA%B8%88-%EB%8C%80%ED%95%99%EC%83%9D-%EA%B0%80%EC%9E%85,301
www.jjyu.co.kr/w/%EC%B2%AD%EB%85%84%EB%AF%B8%EB%9E%98%EC%A0%81%EA%B8%88%20%EB%AC%B4%EC%A7%81,https://www.jjyu.co.kr/w/%EC%B2%AD%EB%85%84%EB%AF%B8%EB%9E%98%EC%A0%81%EA%B8%88-%EB%8C%80%ED%95%99%EC%83%9D-%EA%B0%80%EC%9E%85,301
www.jjyu.co.kr/w/%EC%B2%AD%EB%85%84%EB%AF%B8%EB%9E%98%EC%A0%81%EA%B8%88%20%EC%86%8C%EB%93%9D,https://www.jjyu.co.kr/w/%EC%B2%AD%EB%85%84%EB%AF%B8%EB%9E%98%EC%A0%81%EA%B8%88-%EC%9E%90%EA%B2%A9%EC%A1%B0%EA%B1%B4,301
www.jjyu.co.kr/w/%EC%B2%AD%EB%85%84%EB%AF%B8%EB%9E%98%EC%A0%81%EA%B8%88%20%EC%95%84%EB%A5%B4%EB%B0%94%EC%9D%B4%ED%8A%B8,https://www.jjyu.co.kr/w/%EC%B2%AD%EB%85%84%EB%AF%B8%EB%9E%98%EC%A0%81%EA%B8%88-%EB%8C%80%ED%95%99%EC%83%9D-%EA%B0%80%EC%9E%85,301
www.jjyu.co.kr/w/%EC%B2%AD%EB%85%84%EB%AF%B8%EB%9E%98%EC%A0%81%EA%B8%88%20%EC%9A%B0%EB%8C%80%ED%98%95,https://www.jjyu.co.kr/w/%EC%B2%AD%EB%85%84%EB%AF%B8%EB%9E%98%EC%A0%81%EA%B8%88-%EA%B8%B0%EC%97%AC%EA%B8%88,301
www.jjyu.co.kr/w/%EC%B2%AD%EB%85%84%EB%AF%B8%EB%9E%98%EC%A0%81%EA%B8%88%20%EC%9E%90%EA%B2%A9,https://www.jjyu.co.kr/w/%EC%B2%AD%EB%85%84%EB%AF%B8%EB%9E%98%EC%A0%81%EA%B8%88-%EC%9E%90%EA%B2%A9%EC%A1%B0%EA%B1%B4,301
www.jjyu.co.kr/w/%EC%B2%AD%EB%85%84%EB%AF%B8%EB%9E%98%EC%A0%81%EA%B8%88%20%EC%A0%9C%EC%99%B8%EB%8C%80%EC%83%81,https://www.jjyu.co.kr/w/%EC%B2%AD%EB%85%84%EB%AF%B8%EB%9E%98%EC%A0%81%EA%B8%88-%EC%9E%90%EA%B2%A9%EC%A1%B0%EA%B1%B4,301
www.jjyu.co.kr/w/%EC%B2%AD%EB%85%84%EB%AF%B8%EB%9E%98%EC%A0%81%EA%B8%88%20%EC%A4%91%EB%8F%84%ED%95%B4%EC%A7%80,https://www.jjyu.co.kr/w/%EC%B2%AD%EB%85%84%EB%AF%B8%EB%9E%98%EC%A0%81%EA%B8%88-%EC%A4%91%EB%8F%84%ED%95%B4%EC%A7%80,301
www.jjyu.co.kr/w/%EC%B2%AD%EB%85%84%EB%AF%B8%EB%9E%98%EC%A0%81%EA%B8%88%20%ED%95%B4%EC%A7%80,https://www.jjyu.co.kr/w/%EC%B2%AD%EB%85%84%EB%AF%B8%EB%9E%98%EC%A0%81%EA%B8%88-%EC%A4%91%EB%8F%84%ED%95%B4%EC%A7%80,301
www.jjyu.co.kr/w/%EC%B2%B4%EB%82%A9%20%EC%84%B8%EA%B8%88,https://www.jjyu.co.kr/w/%EC%B2%B4%EB%82%A9-%EC%84%B8%EA%B8%88-%EB%B6%84%ED%95%A0-%EB%82%A9%EB%B6%80,301
www.jjyu.co.kr/w/%EC%B2%B4%EB%82%A9%20%EC%84%B8%EA%B8%88%20%EB%B6%84%ED%95%A0%20%EB%82%A9%EB%B6%80,https://www.jjyu.co.kr/w/%EC%B2%B4%EB%82%A9-%EC%84%B8%EA%B8%88-%EB%B6%84%ED%95%A0-%EB%82%A9%EB%B6%80,301
www.jjyu.co.kr/w/%EC%B2%B4%EB%82%A9%EC%95%A1%20%EB%B6%84%ED%95%A0%EB%82%A9%EB%B6%80,https://www.jjyu.co.kr/w/%EC%B2%B4%EB%82%A9-%EC%84%B8%EA%B8%88-%EB%B6%84%ED%95%A0-%EB%82%A9%EB%B6%80,301
www.jjyu.co.kr/w/%EC%B4%88%EB%8B%A8%EC%8B%9C%EA%B0%84%20%EA%B7%BC%EB%A1%9C%EC%9E%90%20%EB%B3%B4%ED%97%98,https://www.jjyu.co.kr/w/%EC%95%8C%EB%B0%94-4%EB%8C%80%EB%B3%B4%ED%97%98-%EA%B0%80%EC%9E%85-%EC%A1%B0%EA%B1%B4-%EC%A3%BC-15%EC%8B%9C%EA%B0%84-%EA%B8%B0%EC%A4%80,301
www.jjyu.co.kr/w/%EC%B5%9C%EC%9A%B0%EC%84%A0%EB%B3%80%EC%A0%9C%EA%B8%88,https://www.jjyu.co.kr/w/%EC%83%81%EA%B0%80%EC%A3%BC%ED%83%9D-%EC%9E%84%EC%B0%A8%EC%9D%B8-%EB%B3%B4%EC%A6%9D%EA%B8%88-%EA%B2%BD%EB%A7%A4-%EC%B5%9C%EC%9A%B0%EC%84%A0%EB%B3%80%EC%A0%9C%EA%B8%88,301
www.jjyu.co.kr/w/%EC%B5%9C%EC%A0%80%EC%9E%84%EA%B8%88%20%EA%B4%80%EB%A0%A8,https://www.jjyu.co.kr/w/%EC%B5%9C%EC%A0%80%EC%9E%84%EA%B8%88-%EB%AF%B8%EB%A7%8C-%EC%A7%80%EA%B8%89-%EC%B2%98%EB%B2%8C,301
www.jjyu.co.kr/w/%EC%B5%9C%EC%A0%80%EC%9E%84%EA%B8%88%20%EC%8B%A0%EA%B3%A0%20%EB%B0%A9%EB%B2%95,https://www.jjyu.co.kr/w/%EC%B5%9C%EC%A0%80%EC%9E%84%EA%B8%88-%EB%AF%B8%EB%A7%8C-%EC%A7%80%EA%B8%89-%EC%B2%98%EB%B2%8C,301
www.jjyu.co.kr/w/%EC%B5%9C%EC%A0%80%EC%9E%84%EA%B8%88%20%EC%9C%84%EB%B0%98,https://www.jjyu.co.kr/w/%EC%B5%9C%EC%A0%80%EC%9E%84%EA%B8%88-%EB%AF%B8%EB%A7%8C-%EC%A7%80%EA%B8%89-%EC%B2%98%EB%B2%8C,301
www.jjyu.co.kr/w/%EC%B5%9C%EC%A0%80%EC%9E%84%EA%B8%88%20%EC%B2%98%EB%B2%8C%20%EA%B7%9C%EC%A0%95,https://www.jjyu.co.kr/w/%EC%B5%9C%EC%A0%80%EC%9E%84%EA%B8%88-%EB%AF%B8%EB%A7%8C-%EC%A7%80%EA%B8%89-%EC%B2%98%EB%B2%8C,301
www.jjyu.co.kr/w/%EC%B6%94%EC%B2%9C,https://www.jjyu.co.kr/w/%EC%9E%90%EC%86%90-%EC%9E%90%EC%83%81-%EC%84%A0%ED%83%9D,301
www.jjyu.co.kr/w/%EC%B7%A8%EB%93%9D%EC%84%B8,https://www.jjyu.co.kr/w/%EC%B7%A8%EB%93%9D%EC%84%B8-%EA%B3%84%EC%82%B0-%EC%84%B8%EC%9C%A8-%EB%82%A9%EB%B6%80,301
www.jjyu.co.kr/w/%EC%B7%A8%EB%93%9D%EC%84%B8%20%EA%B3%84%EC%82%B0%EA%B8%B0,https://www.jjyu.co.kr/w/%EC%B7%A8%EB%93%9D%EC%84%B8-%EA%B3%84%EC%82%B0%EA%B8%B0,301
www.jjyu.co.kr/w/%EC%B7%A8%EB%93%9D%EC%84%B8%20%EC%84%B8%EC%9C%A8,https://www.jjyu.co.kr/w/%EC%B7%A8%EB%93%9D%EC%84%B8-%EC%84%B8%EC%9C%A8,301
www.jjyu.co.kr/w/%EC%B7%A8%EC%97%85%ED%9B%84%EC%83%81%ED%99%98%20%EC%9C%A0%EC%98%88%20%EC%8B%A0%EC%B2%AD,https://www.jjyu.co.kr/w/%ED%95%99%EC%9E%90%EA%B8%88-%EB%8C%80%EC%B6%9C-%EC%83%81%ED%99%98-%EC%9C%A0%EC%98%88-%EC%8B%A0%EC%B2%AD,301
www.jjyu.co.kr/w/%EC%B9%98%EA%B3%BC%20%EC%9E%84%ED%94%8C%EB%9E%80%ED%8A%B8,https://www.jjyu.co.kr/w/%EC%97%B0%EB%A7%90%EC%A0%95%EC%82%B0-%EC%9E%84%ED%94%8C%EB%9E%80%ED%8A%B8,301
www.jjyu.co.kr/w/%EC%B9%B4%EB%93%9C%20%ED%95%A0%EB%B6%80%20%EC%9D%B4%EC%9E%90,https://www.jjyu.co.kr/w/%ED%95%A0%EB%B6%80-%EC%9D%B4%EC%9E%90-%EA%B3%84%EC%82%B0%EA%B8%B0,301
www.jjyu.co.kr/w/%EC%BF%A0%ED%8C%A1%200%EC%9B%90%20%EA%B5%AC%EB%A7%A4,https://www.jjyu.co.kr/w/%EC%BF%A0%ED%8C%A1-%EB%B3%B4%EC%83%81%EC%BF%A0%ED%8F%B0-5%EB%A7%8C%EC%9B%90-%EB%B0%9B%EB%8A%94%EB%B2%95,301
www.jjyu.co.kr/w/%EC%BF%A0%ED%8C%A1%205%EB%A7%8C%EC%9B%90%20%EC%BF%A0%ED%8F%B0,https://www.jjyu.co.kr/w/%EC%BF%A0%ED%8C%A1-%EB%B3%B4%EC%83%81%EC%BF%A0%ED%8F%B0-5%EB%A7%8C%EC%9B%90-%EB%B0%9B%EB%8A%94%EB%B2%95,301
www.jjyu.co.kr/w/%EC%BF%A0%ED%8C%A1%20%EB%B3%B4%EC%83%81%EC%BF%A0%ED%8F%B0,https://www.jjyu.co.kr/w/%EC%BF%A0%ED%8C%A1-%EB%B3%B4%EC%83%81%EC%BF%A0%ED%8F%B0-5%EB%A7%8C%EC%9B%90-%EB%B0%9B%EB%8A%94%EB%B2%95,301
www.jjyu.co.kr/w/%EC%BF%A0%ED%8C%A1%20%EB%B3%B4%EC%83%81%EC%BF%A0%ED%8F%B0%20%EC%82%AC%EC%9A%A9%EB%B0%A9%EB%B2%95,https://www.jjyu.co.kr/w/%EC%BF%A0%ED%8C%A1-%EB%B3%B4%EC%83%81%EC%BF%A0%ED%8F%B0-5%EB%A7%8C%EC%9B%90-%EB%B0%9B%EB%8A%94%EB%B2%95,301
www.jjyu.co.kr/w/%ED%86%A0%EC%A7%80%20%EC%9A%A9%EB%8F%84%EC%A7%80%EC%97%AD%20%ED%99%95%EC%9D%B8,https://www.jjyu.co.kr/w/%ED%86%A0%EC%A7%80-%EC%9A%A9%EB%8F%84%EC%A7%80%EC%97%AD-%EA%B1%B4%EC%B6%95%EC%A0%9C%ED%95%9C-%ED%99%95%EC%9D%B8%EB%B0%A9%EB%B2%95,301
www.jjyu.co.kr/w/%ED%87%B4%EC%A7%81%EA%B8%88%20%EA%B3%84%EC%82%B0,https://www.jjyu.co.kr/w/%ED%87%B4%EC%A7%81%EA%B8%88-%ED%8F%89%EA%B7%A0%EC%9E%84%EA%B8%88-%EC%82%B0%EC%A0%95-%EB%B0%8F-%EA%B7%BC%EC%86%8D%EC%97%B0%EC%88%98-%EA%B3%84%EC%82%B0-%EB%B0%A9%EB%B2%95,301
www.jjyu.co.kr/w/%ED%87%B4%EC%A7%81%EA%B8%88%20%EA%B3%84%EC%82%B0%EA%B8%B0%20%EA%B3%A0%EC%9A%A9%EB%85%B8%EB%8F%99%EB%B6%80,https://www.jjyu.co.kr/w/%ED%87%B4%EC%A7%81%EA%B8%88-%EA%B3%84%EC%82%B0%EA%B8%B0-%EA%B3%A0%EC%9A%A9%EB%85%B8%EB%8F%99%EB%B6%80,301
www.jjyu.co.kr/w/%ED%87%B4%EC%A7%81%EA%B8%88%20%EA%B3%84%EC%82%B0%EA%B8%B0%20%EA%B3%B5%EC%8B%9D,https://www.jjyu.co.kr/w/%ED%87%B4%EC%A7%81%EA%B8%88-%EA%B3%84%EC%82%B0%EA%B8%B0-%EA%B3%A0%EC%9A%A9%EB%85%B8%EB%8F%99%EB%B6%80,301
www.jjyu.co.kr/w/%ED%87%B4%EC%A7%81%EA%B8%88%20%EA%B3%84%EC%82%B0%EA%B8%B0%20%EC%97%B0%EC%B0%A8%EC%88%98%EB%8B%B9,https://www.jjyu.co.kr/w/%ED%87%B4%EC%A7%81%EA%B8%88-%EA%B3%84%EC%82%B0%EA%B8%B0-%EC%97%B0%EC%B0%A8%EC%88%98%EB%8B%B9,301
www.jjyu.co.kr/w/%ED%87%B4%EC%A7%81%EA%B8%88%20%EA%B3%84%EC%82%B0%EB%B2%95,https://www.jjyu.co.kr/w/%ED%87%B4%EC%A7%81%EA%B8%88-%EA%B3%84%EC%82%B0%EA%B8%B0,301
www.jjyu.co.kr/w/%ED%87%B4%EC%A7%81%EA%B8%88%20%EB%B9%84%EA%B3%BC%EC%84%B8%20%EA%B3%84%EC%82%B0,https://www.jjyu.co.kr/w/%ED%87%B4%EC%A7%81%EC%86%8C%EB%93%9D%EC%84%B8-%EB%B6%84%EB%A6%AC%EA%B3%BC%EC%84%B8-%EB%B9%84%EA%B3%BC%EC%84%B8-%EA%B3%84%EC%82%B0,301
www.jjyu.co.kr/w/%ED%87%B4%EC%A7%81%EA%B8%88%20%EC%84%B8%EA%B8%88%20%EA%B3%84%EC%82%B0,https://www.jjyu.co.kr/w/%ED%87%B4%EC%A7%81%EA%B8%88-%EC%84%B8%EA%B8%88,301
www.jjyu.co.kr/w/%ED%87%B4%EC%A7%81%EA%B8%88%20%EC%84%B8%EC%A0%84%20%EC%84%B8%ED%9B%84,https://www.jjyu.co.kr/w/%ED%87%B4%EC%A7%81%EA%B8%88-%EA%B3%84%EC%82%B0%EA%B8%B0-%EC%84%B8%EC%A0%84-%EC%84%B8%ED%9B%84,301
www.jjyu.co.kr/w/%ED%87%B4%EC%A7%81%EA%B8%88%20%EC%8B%A4%EC%88%98%EB%A0%B9%EC%95%A1,https://www.jjyu.co.kr/w/%ED%87%B4%EC%A7%81%EA%B8%88-%EA%B3%84%EC%82%B0%EA%B8%B0-%EC%84%B8%EC%A0%84-%EC%84%B8%ED%9B%84,301
www.jjyu.co.kr/w/%ED%87%B4%EC%A7%81%EA%B8%88%20%EC%97%B0%EC%B0%A8%20%EA%B3%84%EC%82%B0,https://www.jjyu.co.kr/w/%ED%87%B4%EC%A7%81%EA%B8%88-%EA%B3%84%EC%82%B0%EA%B8%B0-%EC%97%B0%EC%B0%A8%EC%88%98%EB%8B%B9,301
www.jjyu.co.kr/w/%ED%87%B4%EC%A7%81%EA%B8%88-%ED%8F%89%EA%B7%A0%EC%9E%84%EA%B8%88-%EC%82%B0%EC%A0%95-%EA%B7%BC%EC%86%8D%EC%97%B0%EC%88%98-%EA%B3%84%EC%82%B0,https://www.jjyu.co.kr/w/%ED%87%B4%EC%A7%81%EA%B8%88-%ED%8F%89%EA%B7%A0%EC%9E%84%EA%B8%88-%EA%B7%BC%EC%86%8D%EC%97%B0%EC%88%98,301
www.jjyu.co.kr/w/%ED%87%B4%EC%A7%81%EA%B8%89%EC%97%AC%20%EB%A8%BC%EC%A0%80,https://www.jjyu.co.kr/w/%ED%87%B4%EC%A7%81%EC%97%B0%EA%B8%88-%EC%9D%B8%EC%B6%9C-%EC%88%9C%EC%84%9C,301
www.jjyu.co.kr/w/%ED%87%B4%EC%A7%81%EC%86%8C%EB%93%9D%20%EB%B6%84%EB%A6%AC%EA%B3%BC%EC%84%B8%20%EC%84%B8%EC%9C%A8,https://www.jjyu.co.kr/w/%ED%87%B4%EC%A7%81%EC%86%8C%EB%93%9D%EC%84%B8-%EB%B6%84%EB%A6%AC%EA%B3%BC%EC%84%B8-%EB%B9%84%EA%B3%BC%EC%84%B8-%EA%B3%84%EC%82%B0,301
www.jjyu.co.kr/w/%ED%87%B4%EC%A7%81%EC%86%8C%EB%93%9D%EC%84%B8%20%EA%B3%84%EC%82%B0,https://www.jjyu.co.kr/w/%ED%87%B4%EC%A7%81%EC%86%8C%EB%93%9D%EC%84%B8-%EC%84%B8%EC%9C%A8-%EA%B3%84%EC%82%B0-%EA%B7%BC%EC%86%8D%EC%97%B0%EC%88%98%EB%B3%84-%EA%B3%B5%EC%A0%9C-%ED%99%98%EA%B8%89,301
www.jjyu.co.kr/w/%ED%87%B4%EC%A7%81%EC%86%8C%EB%93%9D%EC%84%B8%20%EA%B7%BC%EC%86%8D%EC%97%B0%EC%88%98%20%EA%B3%B5%EC%A0%9C,https://www.jjyu.co.kr/w/%ED%87%B4%EC%A7%81%EC%86%8C%EB%93%9D%EC%84%B8-%EC%84%B8%EC%9C%A8-%EA%B3%84%EC%82%B0-%EA%B7%BC%EC%86%8D%EC%97%B0%EC%88%98%EB%B3%84-%EA%B3%B5%EC%A0%9C-%ED%99%98%EA%B8%89,301
www.jjyu.co.kr/w/%ED%87%B4%EC%A7%81%EC%86%8C%EB%93%9D%EC%84%B8%20%EC%84%B8%EC%9C%A8%20%EC%82%B0%EC%A0%95,https://www.jjyu.co.kr/w/%ED%87%B4%EC%A7%81%EC%86%8C%EB%93%9D%EC%84%B8-%EC%84%B8%EC%9C%A8-%EA%B3%84%EC%82%B0-%EA%B7%BC%EC%86%8D%EC%97%B0%EC%88%98%EB%B3%84-%EA%B3%B5%EC%A0%9C-%ED%99%98%EA%B8%89,301
www.jjyu.co.kr/w/%ED%87%B4%EC%A7%81%EC%97%B0%EA%B8%88%2055%EC%84%B8,https://www.jjyu.co.kr/w/%ED%87%B4%EC%A7%81%EC%97%B0%EA%B8%88-%EC%88%98%EB%A0%B9-%EB%82%98%EC%9D%B4,301
www.jjyu.co.kr/w/%ED%87%B4%EC%A7%81%EC%97%B0%EA%B8%88%20DC%ED%98%95%20DB%ED%98%95,https://www.jjyu.co.kr/w/%ED%87%B4%EC%A7%81%EC%97%B0%EA%B8%88-DC%ED%98%95-DB%ED%98%95-%EC%B0%A8%EC%9D%B4-%EC%A4%91%EB%8F%84-%EC%9D%B8%EC%B6%9C-%EC%82%AC%EC%9C%A0,301
www.jjyu.co.kr/w/%ED%87%B4%EC%A7%81%EC%97%B0%EA%B8%88%20IRP%20%EC%B0%A8%EC%9D%B4,https://www.jjyu.co.kr/w/%ED%87%B4%EC%A7%81%EC%97%B0%EA%B8%88-DB-DC-IRP-%EB%B9%84%EA%B5%90,301
www.jjyu.co.kr/w/%ED%87%B4%EC%A7%81%EC%97%B0%EA%B8%88%20TDF%20%EC%84%A0%ED%83%9D,https://www.jjyu.co.kr/w/%ED%87%B4%EC%A7%81%EC%97%B0%EA%B8%88-TDF-%ED%83%80%EA%B2%9F%EB%8D%B0%EC%9D%B4%ED%8A%B8%ED%8E%80%EB%93%9C-%EC%84%A0%ED%83%9D-%EC%A0%84%EB%9E%B5,301
www.jjyu.co.kr/w/%ED%87%B4%EC%A7%81%EC%97%B0%EA%B8%88%20db%20dc,https://www.jjyu.co.kr/w/%ED%87%B4%EC%A7%81%EC%97%B0%EA%B8%88-db-dc-%EC%B0%A8%EC%9D%B4,301
www.jjyu.co.kr/w/%ED%87%B4%EC%A7%81%EC%97%B0%EA%B8%88%20db%20dc%20%EC%B0%A8%EC%9D%B4,https://www.jjyu.co.kr/w/%ED%87%B4%EC%A7%81%EC%97%B0%EA%B8%88-db-dc-%EC%B0%A8%EC%9D%B4,301
www.jjyu.co.kr/w/%ED%87%B4%EC%A7%81%EC%97%B0%EA%B8%88%20s%26p500,https://www.jjyu.co.kr/w/%ED%87%B4%EC%A7%81%EC%97%B0%EA%B8%88-%EB%AF%B8%EA%B5%AD-etf-%EC%B6%94%EC%B2%9C,301
www.jjyu.co.kr/w/%ED%87%B4%EC%A7%81%EC%97%B0%EA%B8%88%20%EA%B3%A0%EB%B0%B0%EB%8B%B9%20etf,https://www.jjyu.co.kr/w/%ED%87%B4%EC%A7%81%EC%97%B0%EA%B8%88-%EB%B0%B0%EB%8B%B9-etf-%EC%B6%94%EC%B2%9C,301
www.jjyu.co.kr/w/%ED%87%B4%EC%A7%81%EC%97%B0%EA%B8%88%20%EB%82%98%EC%8A%A4%EB%8B%A5%20etf,https://www.jjyu.co.kr/w/%ED%87%B4%EC%A7%81%EC%97%B0%EA%B8%88-%EB%AF%B8%EA%B5%AD-etf-%EC%B6%94%EC%B2%9C,301
www.jjyu.co.kr/w/%ED%87%B4%EC%A7%81%EC%97%B0%EA%B8%88%20%EB%AA%87%EC%82%B4,https://www.jjyu.co.kr/w/%ED%87%B4%EC%A7%81%EC%97%B0%EA%B8%88-%EC%88%98%EB%A0%B9-%EB%82%98%EC%9D%B4,301
www.jjyu.co.kr/w/%ED%87%B4%EC%A7%81%EC%97%B0%EA%B8%88%20%EB%AF%B8%EA%B5%AD%20etf,https://www.jjyu.co.kr/w/%ED%87%B4%EC%A7%81%EC%97%B0%EA%B8%88-%EB%AF%B8%EA%B5%AD-etf-%EC%B6%94%EC%B2%9C,301
www.jjyu.co.kr/w/%ED%87%B4%EC%A7%81%EC%97%B0%EA%B8%88%20%EB%B0%B0%EB%8B%B9%20etf,https://www.jjyu.co.kr/w/%ED%87%B4%EC%A7%81%EC%97%B0%EA%B8%88-%EB%B0%B0%EB%8B%B9-etf-%EC%B6%94%EC%B2%9C,301
www.jjyu.co.kr/w/%ED%87%B4%EC%A7%81%EC%97%B0%EA%B8%88%20%EB%B0%B0%EB%8B%B9%20etf%20%EC%B6%94%EC%B2%9C,https://www.jjyu.co.kr/w/%ED%87%B4%EC%A7%81%EC%97%B0%EA%B8%88-%EB%B0%B0%EB%8B%B9-etf-%EC%B6%94%EC%B2%9C,301
www.jjyu.co.kr/w/%ED%87%B4%EC%A7%81%EC%97%B0%EA%B8%88%20%EB%B3%B4%EC%A6%9D%EA%B8%88%20%EC%9D%B8%EC%B6%9C,https://www.jjyu.co.kr/w/%ED%87%B4%EC%A7%81%EC%97%B0%EA%B8%88-%EC%A4%91%EB%8F%84%EC%9D%B8%EC%B6%9C-%EC%9B%94%EC%84%B8%EB%B3%B4%EC%A6%9D%EA%B8%88,301
www.jjyu.co.kr/w/%ED%87%B4%EC%A7%81%EC%97%B0%EA%B8%88%20%EC%84%A0%ED%83%9D%20%EA%B8%B0%EC%A4%80,https://www.jjyu.co.kr/w/%ED%87%B4%EC%A7%81%EC%97%B0%EA%B8%88-DB-DC-IRP-%EB%B9%84%EA%B5%90,301
www.jjyu.co.kr/w/%ED%87%B4%EC%A7%81%EC%97%B0%EA%B8%88%20%EC%84%B8%EA%B8%88%20%EA%B3%84%EC%82%B0%EA%B8%B0,https://www.jjyu.co.kr/w/%ED%87%B4%EC%A7%81%EC%97%B0%EA%B8%88-%EC%88%98%EB%A0%B9%EC%95%A1-%EA%B3%84%EC%82%B0%EA%B8%B0,301
www.jjyu.co.kr/w/%ED%87%B4%EC%A7%81%EC%97%B0%EA%B8%88%20%EC%88%98%EB%A0%B9%20%EB%82%98%EC%9D%B4,https://www.jjyu.co.kr/w/%ED%87%B4%EC%A7%81%EC%97%B0%EA%B8%88-%EC%88%98%EB%A0%B9-%EB%82%98%EC%9D%B4,301
www.jjyu.co.kr/w/%ED%87%B4%EC%A7%81%EC%97%B0%EA%B8%88%20%EC%88%98%EB%A0%B9%20%EC%88%9C%EC%84%9C,https://www.jjyu.co.kr/w/%ED%87%B4%EC%A7%81%EC%97%B0%EA%B8%88-%EC%9D%B8%EC%B6%9C-%EC%88%9C%EC%84%9C,301
www.jjyu.co.kr/w/%ED%87%B4%EC%A7%81%EC%97%B0%EA%B8%88%20%EC%88%98%EB%A0%B9%EA%B8%B0%EA%B0%84,https://www.jjyu.co.kr/w/%ED%87%B4%EC%A7%81%EC%97%B0%EA%B8%88-%EC%88%98%EB%A0%B9-%EB%82%98%EC%9D%B4,301
www.jjyu.co.kr/w/%ED%87%B4%EC%A7%81%EC%97%B0%EA%B8%88%20%EC%88%98%EB%A0%B9%EB%82%98%EC%9D%B4,https://www.jjyu.co.kr/w/%ED%87%B4%EC%A7%81%EC%97%B0%EA%B8%88-%EC%88%98%EB%A0%B9-%EB%82%98%EC%9D%B4,301
www.jjyu.co.kr/w/%ED%87%B4%EC%A7%81%EC%97%B0%EA%B8%88%20%EC%88%98%EB%A0%B9%EC%95%A1,https://www.jjyu.co.kr/w/%ED%87%B4%EC%A7%81%EC%97%B0%EA%B8%88-%EA%B3%84%EC%82%B0%EA%B8%B0,301
www.jjyu.co.kr/w/%ED%87%B4%EC%A7%81%EC%97%B0%EA%B8%88%20%EC%88%98%EB%A0%B9%EC%95%A1%20%EA%B3%84%EC%82%B0,https://www.jjyu.co.kr/w/%ED%87%B4%EC%A7%81%EC%97%B0%EA%B8%88-%EC%88%98%EB%A0%B9%EC%95%A1-%EA%B3%84%EC%82%B0%EA%B8%B0,301
www.jjyu.co.kr/w/%ED%87%B4%EC%A7%81%EC%97%B0%EA%B8%88%20%EC%88%98%EB%A0%B9%EC%95%A1%20%EA%B3%84%EC%82%B0%EA%B8%B0,https://www.jjyu.co.kr/w/%ED%87%B4%EC%A7%81%EC%97%B0%EA%B8%88-%EC%88%98%EB%A0%B9%EC%95%A1-%EA%B3%84%EC%82%B0%EA%B8%B0,301
www.jjyu.co.kr/w/%ED%87%B4%EC%A7%81%EC%97%B0%EA%B8%88%20%EC%88%98%EC%88%98%EB%A3%8C%20%EB%B9%84%EA%B5%90,https://www.jjyu.co.kr/w/%ED%87%B4%EC%A7%81%EC%97%B0%EA%B8%88-%EC%88%98%EC%88%98%EB%A3%8C-%EB%B9%84%EA%B5%90-%EC%A6%9D%EA%B6%8C%EC%82%AC-%EC%9D%80%ED%96%89-%EC%84%A0%ED%83%9D,301
www.jjyu.co.kr/w/%ED%87%B4%EC%A7%81%EC%97%B0%EA%B8%88%20%EC%8B%A4%EC%88%98%EB%A0%B9%EC%95%A1,https://www.jjyu.co.kr/w/%ED%87%B4%EC%A7%81%EC%97%B0%EA%B8%88-%EC%88%98%EB%A0%B9%EC%95%A1-%EA%B3%84%EC%82%B0%EA%B8%B0,301
www.jjyu.co.kr/w/%ED%87%B4%EC%A7%81%EC%97%B0%EA%B8%88%20%EC%95%88%EC%A0%84%EC%9E%90%EC%82%B0%20etf,https://www.jjyu.co.kr/w/%ED%87%B4%EC%A7%81%EC%97%B0%EA%B8%88-%EC%95%88%EC%A0%84%EC%9E%90%EC%82%B0-etf-%EC%B6%94%EC%B2%9C,301
www.jjyu.co.kr/w/%ED%87%B4%EC%A7%81%EC%97%B0%EA%B8%88%20%EC%95%88%EC%A0%84%EC%9E%90%EC%82%B0%20etf%20%EC%B6%94%EC%B2%9C,https://www.jjyu.co.kr/w/%ED%87%B4%EC%A7%81%EC%97%B0%EA%B8%88-%EC%95%88%EC%A0%84%EC%9E%90%EC%82%B0-etf-%EC%B6%94%EC%B2%9C,301
www.jjyu.co.kr/w/%ED%87%B4%EC%A7%81%EC%97%B0%EA%B8%88%20%EC%96%BC%EB%A7%88%20%EB%B0%9B%EB%82%98,https://www.jjyu.co.kr/w/%ED%87%B4%EC%A7%81%EC%97%B0%EA%B8%88-%EC%88%98%EB%A0%B9%EC%95%A1-%EA%B3%84%EC%82%B0%EA%B8%B0,301
www.jjyu.co.kr/w/%ED%87%B4%EC%A7%81%EC%97%B0%EA%B8%88%20%EC%9D%B8%EC%B6%9C%20%EC%88%9C%EC%84%9C,https://www.jjyu.co.kr/w/%ED%87%B4%EC%A7%81%EC%97%B0%EA%B8%88-%EC%9D%B8%EC%B6%9C-%EC%88%9C%EC%84%9C,301
www.jjyu.co.kr/w/%ED%87%B4%EC%A7%81%EC%97%B0%EA%B8%88%20%EC%9E%94%EC%95%A1%20%ED%99%95%EC%9D%B8,https://www.jjyu.co.kr/w/%ED%87%B4%EC%A7%81%EC%97%B0%EA%B8%88-%EC%A0%81%EB%A6%BD%EA%B8%88-%EC%A1%B0%ED%9A%8C,301
www.jjyu.co.kr/w/%ED%87%B4%EC%A7%81%EC%97%B0%EA%B8%88%20%EC%A0%81%EB%A6%BD%EA%B8%88%20%EC%A1%B0%ED%9A%8C,https://www.jjyu.co.kr/w/%ED%87%B4%EC%A7%81%EC%97%B0%EA%B8%88-%EC%A0%81%EB%A6%BD%EA%B8%88-%EC%A1%B0%ED%9A%8C,301
www.jjyu.co.kr/w/%ED%87%B4%EC%A7%81%EC%97%B0%EA%B8%88%20%EC%A0%84%EC%84%B8%EB%B3%B4%EC%A6%9D%EA%B8%88,https://www.jjyu.co.kr/w/%ED%87%B4%EC%A7%81%EC%97%B0%EA%B8%88-%EC%A4%91%EB%8F%84%EC%9D%B8%EC%B6%9C-%EC%9B%94%EC%84%B8%EB%B3%B4%EC%A6%9D%EA%B8%88,301
www.jjyu.co.kr/w/%ED%87%B4%EC%A7%81%EC%97%B0%EA%B8%88%20%EC%A1%B0%ED%9A%8C,https://www.jjyu.co.kr/w/%ED%87%B4%EC%A7%81%EC%97%B0%EA%B8%88-%EC%A1%B0%ED%9A%8C,301
www.jjyu.co.kr/w/%ED%87%B4%EC%A7%81%EC%97%B0%EA%B8%88%20%EC%A2%85%EB%A5%98,https://www.jjyu.co.kr/w/%ED%87%B4%EC%A7%81%EC%97%B0%EA%B8%88-%EC%A2%85%EB%A5%98,301
www.jjyu.co.kr/w/%ED%87%B4%EC%A7%81%EC%97%B0%EA%B8%88%20%EC%A3%BC%ED%83%9D%EA%B5%AC%EC%9E%85,https://www.jjyu.co.kr/w/%ED%87%B4%EC%A7%81%EC%97%B0%EA%B8%88-%EC%A4%91%EB%8F%84%EC%9D%B8%EC%B6%9C-%EC%A3%BC%ED%83%9D%EA%B5%AC%EC%9E%85,301
www.jjyu.co.kr/w/%ED%87%B4%EC%A7%81%EC%97%B0%EA%B8%88%20%EC%A3%BC%ED%83%9D%EA%B5%AC%EC%9E%85%20%EC%84%9C%EB%A5%98,https://www.jjyu.co.kr/w/%ED%87%B4%EC%A7%81%EC%97%B0%EA%B8%88-%EC%A4%91%EB%8F%84%EC%9D%B8%EC%B6%9C-%EC%84%9C%EB%A5%98,301
www.jjyu.co.kr/w/%ED%87%B4%EC%A7%81%EC%97%B0%EA%B8%88%20%EC%A4%91%EB%8F%84%20%ED%95%B4%EC%A7%80,https://www.jjyu.co.kr/w/%ED%87%B4%EC%A7%81%EC%97%B0%EA%B8%88-%EC%A4%91%EB%8F%84-%ED%95%B4%EC%A7%80-%EC%A0%88%EC%B0%A8-%EC%84%B8%EA%B8%88-%EB%B6%80%EB%8B%B4,301
www.jjyu.co.kr/w/%ED%87%B4%EC%A7%81%EC%97%B0%EA%B8%88%20%EC%A4%91%EB%8F%84%EC%9D%B8%EC%B6%9C%20%EB%B0%A9%EB%B2%95,https://www.jjyu.co.kr/w/%ED%87%B4%EC%A7%81%EC%97%B0%EA%B8%88-%EB%8B%B4%EB%B3%B4%EB%8C%80%EC%B6%9C,301
www.jjyu.co.kr/w/%ED%87%B4%EC%A7%81%EC%97%B0%EA%B8%88%20%EC%A4%91%EB%8F%84%EC%9D%B8%EC%B6%9C%20%EC%82%AC%EC%9C%A0,https://www.jjyu.co.kr/w/%ED%87%B4%EC%A7%81%EC%97%B0%EA%B8%88-%EC%A4%91%EB%8F%84%EC%9D%B8%EC%B6%9C-%EC%A1%B0%EA%B1%B4-%EC%82%AC%EC%9C%A0-%EC%8B%A0%EC%B2%AD,301
www.jjyu.co.kr/w/%ED%87%B4%EC%A7%81%EC%97%B0%EA%B8%88%20%EC%A4%91%EB%8F%84%EC%9D%B8%EC%B6%9C%20%EC%84%9C%EB%A5%98,https://www.jjyu.co.kr/w/%ED%87%B4%EC%A7%81%EC%97%B0%EA%B8%88-%EC%A4%91%EB%8F%84%EC%9D%B8%EC%B6%9C-%EC%84%9C%EB%A5%98,301
www.jjyu.co.kr/w/%ED%87%B4%EC%A7%81%EC%97%B0%EA%B8%88%20%EC%A4%91%EB%8F%84%EC%9D%B8%EC%B6%9C%20%EC%9B%94%EC%84%B8,https://www.jjyu.co.kr/w/%ED%87%B4%EC%A7%81%EC%97%B0%EA%B8%88-%EC%A4%91%EB%8F%84%EC%9D%B8%EC%B6%9C-%EC%9B%94%EC%84%B8%EB%B3%B4%EC%A6%9D%EA%B8%88,301
www.jjyu.co.kr/w/%ED%87%B4%EC%A7%81%EC%97%B0%EA%B8%88%20%EC%A4%91%EB%8F%84%EC%9D%B8%EC%B6%9C%20%EC%9B%94%EC%84%B8%EB%B3%B4%EC%A6%9D%EA%B8%88,https://www.jjyu.co.kr/w/%ED%87%B4%EC%A7%81%EC%97%B0%EA%B8%88-%EC%A4%91%EB%8F%84%EC%9D%B8%EC%B6%9C-%EC%9B%94%EC%84%B8%EB%B3%B4%EC%A6%9D%EA%B8%88,301
www.jjyu.co.kr/w/%ED%87%B4%EC%A7%81%EC%97%B0%EA%B8%88%20%EC%A4%91%EB%8F%84%EC%9D%B8%EC%B6%9C%20%EC%A3%BC%ED%83%9D%EA%B5%AC%EC%9E%85,https://www.jjyu.co.kr/w/%ED%87%B4%EC%A7%81%EC%97%B0%EA%B8%88-%EC%A4%91%EB%8F%84%EC%9D%B8%EC%B6%9C-%EC%A3%BC%ED%83%9D%EA%B5%AC%EC%9E%85,301
www.jjyu.co.kr/w/%ED%87%B4%EC%A7%81%EC%97%B0%EA%B8%88%20%EC%A7%91%20%EA%B5%AC%EC%9E%85,https://www.jjyu.co.kr/w/%ED%87%B4%EC%A7%81%EC%97%B0%EA%B8%88-%EC%A4%91%EB%8F%84%EC%9D%B8%EC%B6%9C-%EC%A3%BC%ED%83%9D%EA%B5%AC%EC%9E%85,301
www.jjyu.co.kr/w/%ED%87%B4%EC%A7%81%EC%97%B0%EA%B8%88%20%EC%B0%A8%EC%9D%B4%EC%A0%90,https://www.jjyu.co.kr/w/%ED%87%B4%EC%A7%81%EC%97%B0%EA%B8%88-DC%ED%98%95-DB%ED%98%95-%EC%B0%A8%EC%9D%B4-%EC%A4%91%EB%8F%84-%EC%9D%B8%EC%B6%9C-%EC%82%AC%EC%9C%A0,301
www.jjyu.co.kr/w/%ED%87%B4%EC%A7%81%EC%97%B0%EA%B8%88%20%EC%B1%84%EA%B6%8C%20etf,https://www.jjyu.co.kr/w/%ED%87%B4%EC%A7%81%EC%97%B0%EA%B8%88-%EC%95%88%EC%A0%84%EC%9E%90%EC%82%B0-etf-%EC%B6%94%EC%B2%9C,301
www.jjyu.co.kr/w/%ED%87%B4%EC%A7%81%EC%97%B0%EA%B8%88%20%ED%95%B4%EC%A7%80%20%EB%B0%A9%EB%B2%95,https://www.jjyu.co.kr/w/%ED%87%B4%EC%A7%81%EC%97%B0%EA%B8%88-%ED%95%B4%EC%A7%80,301
www.jjyu.co.kr/w/%ED%87%B4%EC%A7%81%EC%97%B0%EA%B8%88%20%ED%95%B4%EC%A7%80%20%EC%84%B8%EA%B8%88,https://www.jjyu.co.kr/w/%ED%87%B4%EC%A7%81%EC%97%B0%EA%B8%88-%EC%A4%91%EB%8F%84-%ED%95%B4%EC%A7%80-%EC%A0%88%EC%B0%A8-%EC%84%B8%EA%B8%88-%EB%B6%80%EB%8B%B4,301
www.jjyu.co.kr/w/%ED%87%B4%EC%A7%81%EC%97%B0%EA%B8%88%20%ED%95%B4%EC%A7%80%20%EC%A0%88%EC%B0%A8,https://www.jjyu.co.kr/w/%ED%87%B4%EC%A7%81%EC%97%B0%EA%B8%88-%EC%A4%91%EB%8F%84-%ED%95%B4%EC%A7%80-%EC%A0%88%EC%B0%A8-%EC%84%B8%EA%B8%88-%EB%B6%80%EB%8B%B4,301
www.jjyu.co.kr/w/%ED%88%AC%ED%91%9C%EC%82%AC%EB%AC%B4%EC%9B%90-%EA%B0%9C%ED%91%9C%EC%82%AC%EB%AC%B4%EC%9B%90-%EA%B8%89%EC%97%AC-%EB%B9%84%EA%B5%90,https://www.jjyu.co.kr/w/%EC%84%A0%EA%B1%B0%EC%82%AC%EB%AC%B4%EB%B3%B4%EC%A1%B0%EC%9B%90-%EA%B8%89%EC%97%AC-%EC%97%85%EB%AC%B4-%EB%AA%A8%EC%A7%91%EC%8B%9C%EA%B8%B0,301
www.jjyu.co.kr/w/%ED%88%AC%ED%91%9C%EC%82%AC%EB%AC%B4%EC%9B%90-%EA%B8%89%EC%97%AC-%EC%97%85%EB%AC%B4-%EC%8B%A0%EC%B2%AD%EC%9E%90%EA%B2%A9,https://www.jjyu.co.kr/w/%EC%84%A0%EA%B1%B0%EC%82%AC%EB%AC%B4%EB%B3%B4%EC%A1%B0%EC%9B%90-%EA%B8%89%EC%97%AC-%EC%97%85%EB%AC%B4-%EB%AA%A8%EC%A7%91%EC%8B%9C%EA%B8%B0,301
www.jjyu.co.kr/w/%ED%8A%B9%EB%B3%84%EC%9E%AC%EB%82%9C%EC%A7%80%EC%97%AD%20%EA%B8%B0%EB%B6%80%EA%B8%88,https://www.jjyu.co.kr/w/%EC%97%B0%EB%A7%90%EC%A0%95%EC%82%B0-%ED%8A%B9%EB%B3%84%EC%9E%AC%EB%82%9C%EC%A7%80%EC%97%AD-%EA%B8%B0%EB%B6%80%EA%B8%88,301
www.jjyu.co.kr/w/%ED%8A%B9%EC%88%98%EA%B3%A0%EC%9A%A9%EC%A7%81%20%EC%82%B0%EC%9E%AC%EB%B3%B4%EC%83%81,https://www.jjyu.co.kr/w/%EC%82%B0%EC%9E%AC%EC%B2%98%EB%A6%AC-%EB%B0%B0%EB%8B%AC%EC%95%B1%EC%A2%85%EC%82%AC%EC%9E%90,301
www.jjyu.co.kr/w/%ED%8A%BC%ED%8A%BC%EB%A8%B8%EB%8B%88-%EC%82%AC%EC%9A%A9%EC%B2%98,https://www.jjyu.co.kr/w/ttuntun-hub,301
www.jjyu.co.kr/w/%ED%8A%BC%ED%8A%BC%EB%A8%B8%EB%8B%88-%EC%95%B1,https://www.jjyu.co.kr/w/ttuntun-app,301
www.jjyu.co.kr/w/%ED%8A%BC%ED%8A%BC%EB%A8%B8%EB%8B%88-%EC%A0%81%EB%A6%BD%EB%B0%A9%EB%B2%95,https://www.jjyu.co.kr/w/ttuntun-hub,301
www.jjyu.co.kr/w/%ED%8A%BC%ED%8A%BC%EB%A8%B8%EB%8B%88-%EC%A0%81%EB%A6%BD%EC%8B%9C%EC%84%A4,https://www.jjyu.co.kr/w/ttuntun-facility,301
www.jjyu.co.kr/w/%ED%8A%BC%ED%8A%BC%EB%A8%B8%EB%8B%88-%ED%8F%AC%EC%9D%B8%ED%8A%B8-%EA%B3%84%EC%82%B0,https://www.jjyu.co.kr/w/ttuntun-hub,301
www.jjyu.co.kr/w/%ED%8C%8C%EA%B2%AC%EA%B7%BC%EB%A1%9C%EC%9E%90%20%EC%9C%A1%EC%95%84%ED%9C%B4%EC%A7%81,https://www.jjyu.co.kr/w/%ED%8C%8C%EA%B2%AC%EA%B7%BC%EB%A1%9C%EC%9E%90-%EC%9C%A1%EC%95%84%ED%9C%B4%EC%A7%81-%EC%82%AC%EC%9A%A9,301
www.jjyu.co.kr/w/%ED%8C%8C%EA%B2%AC%EA%B7%BC%EB%A1%9C%EC%9E%90%20%EC%9C%A1%EC%95%84%ED%9C%B4%EC%A7%81%20%EC%8B%A0%EC%B2%AD,https://www.jjyu.co.kr/w/%ED%8C%8C%EA%B2%AC%EA%B7%BC%EB%A1%9C%EC%9E%90-%EC%9C%A1%EC%95%84%ED%9C%B4%EC%A7%81-%EC%82%AC%EC%9A%A9,301
www.jjyu.co.kr/w/%ED%8C%8C%EA%B2%AC%EA%B7%BC%EB%A1%9C%EC%9E%90%20%EC%9C%A1%EC%95%84%ED%9C%B4%EC%A7%81%20%EC%A1%B0%EA%B1%B4,https://www.jjyu.co.kr/w/%ED%8C%8C%EA%B2%AC%EA%B7%BC%EB%A1%9C%EC%9E%90-%EC%9C%A1%EC%95%84%ED%9C%B4%EC%A7%81-%EC%82%AC%EC%9A%A9,301
www.jjyu.co.kr/w/%ED%8F%89%20%EA%B3%84%EC%82%B0%EA%B8%B0,https://www.jjyu.co.kr/w/%ED%8F%89%EC%88%98-%EA%B3%84%EC%82%B0%EA%B8%B0,301
www.jjyu.co.kr/w/%ED%8F%89%EC%88%98%20%EA%B3%84%EC%82%B0%EA%B8%B0,https://www.jjyu.co.kr/w/%ED%8F%89%EC%88%98-%EA%B3%84%EC%82%B0%EA%B8%B0,301
www.jjyu.co.kr/w/%ED%8F%89%EC%88%98%20%ED%99%98%EC%82%B0,https://www.jjyu.co.kr/w/%ED%8F%89%EC%88%98-%EA%B3%84%EC%82%B0%EA%B8%B0,301
www.jjyu.co.kr/w/%ED%8F%90%EC%97%85%EC%A7%80%EC%9B%90%EA%B8%88%20600%EB%A7%8C%EC%9B%90,https://www.jjyu.co.kr/w/%EC%A0%90%ED%8F%AC%EC%B2%A0%EA%B1%B0%EB%B9%84-600%EB%A7%8C%EC%9B%90-%EC%A7%80%EC%9B%90%EA%B8%88-%EC%8B%A0%EC%B2%AD%EB%B0%A9%EB%B2%95,301
www.jjyu.co.kr/w/%ED%94%BC%EB%B3%B4%ED%97%98%20%EB%8B%A8%EC%9C%84%EA%B8%B0%EA%B0%84%20180%EC%9D%BC,https://www.jjyu.co.kr/w/%EC%9D%BC%EC%9A%A9%EC%A7%81-%EC%8B%A4%EC%97%85%EA%B8%89%EC%97%AC-%EC%88%98%EA%B8%89-%EC%A1%B0%EA%B1%B4-%ED%94%BC%EB%B3%B4%ED%97%98-%EB%8B%A8%EC%9C%84%EA%B8%B0%EA%B0%84,301
www.jjyu.co.kr/w/%ED%95%99%EC%9E%90%EA%B8%88%20%EB%8C%80%EC%B6%9C%20%EA%B8%88%EB%A6%AC,https://www.jjyu.co.kr/w/%ED%95%99%EC%9E%90%EA%B8%88-%EB%8C%80%EC%B6%9C-%EA%B8%88%EB%A6%AC-%EC%83%9D%ED%99%9C%EB%B9%84-%EB%8C%80%EC%B6%9C-%ED%95%9C%EB%8F%84,301
www.jjyu.co.kr/w/%ED%95%99%EC%9E%90%EA%B8%88%20%EB%8C%80%EC%B6%9C%20%EC%83%81%ED%99%98%EC%9C%A0%EC%98%88,https://www.jjyu.co.kr/w/%ED%95%99%EC%9E%90%EA%B8%88-%EB%8C%80%EC%B6%9C-%EC%83%81%ED%99%98-%EC%9C%A0%EC%98%88-%EC%8B%A0%EC%B2%AD,301
www.jjyu.co.kr/w/%ED%95%9C%EA%B5%AD%EC%9E%A5%ED%95%99%EC%9E%AC%EB%8B%A8%20%EC%83%81%ED%99%98%EC%9C%A0%EC%98%88,https://www.jjyu.co.kr/w/%ED%95%99%EC%9E%90%EA%B8%88-%EB%8C%80%EC%B6%9C-%EC%83%81%ED%99%98-%EC%9C%A0%EC%98%88-%EC%8B%A0%EC%B2%AD,301
www.jjyu.co.kr/w/%ED%95%A0%EB%B6%80%20%EA%B3%84%EC%82%B0%EA%B8%B0,https://www.jjyu.co.kr/w/%ED%95%A0%EB%B6%80-%EC%9D%B4%EC%9E%90-%EA%B3%84%EC%82%B0%EA%B8%B0,301
www.jjyu.co.kr/w/%ED%95%A0%EB%B6%80%20%EC%9D%B4%EC%9E%90%20%EA%B3%84%EC%82%B0%EA%B8%B0,https://www.jjyu.co.kr/w/%ED%95%A0%EB%B6%80-%EC%9D%B4%EC%9E%90-%EA%B3%84%EC%82%B0%EA%B8%B0,301
www.jjyu.co.kr/w/%ED%95%A0%EB%B6%80%20%EC%9D%B4%EC%9E%90%EC%9C%A8,https://www.jjyu.co.kr/w/%ED%95%A0%EB%B6%80-%EC%9D%B4%EC%9E%90-%EA%B3%84%EC%82%B0%EA%B8%B0,301
www.jjyu.co.kr/w/%ED%97%AC%EC%8A%A4%EC%9E%A5%20%EC%84%B8%EA%B8%88%20%ED%99%98%EA%B8%89%20%EC%A1%B0%EA%B1%B4,https://www.jjyu.co.kr/w/%EC%97%B0%EB%A7%90%EC%A0%95%EC%82%B0-%ED%97%AC%EC%8A%A4%EC%9E%A5-%EC%88%98%EC%98%81%EC%9E%A5-%EC%86%8C%EB%93%9D%EA%B3%B5%EC%A0%9C,301
www.jjyu.co.kr/w/%ED%98%B8%ED%85%94%20%EA%B3%84%EC%95%BD%EC%A7%81%20%EC%88%98%EA%B8%89%EC%A1%B0%EA%B1%B4,https://www.jjyu.co.kr/w/%ED%98%B8%ED%85%94-%EA%B3%84%EC%A0%88%EC%A7%81-%EB%8B%A8%EA%B8%B0%EA%B7%BC%EB%A1%9C%EC%9E%90-%EC%8B%A4%EC%97%85%EA%B8%89%EC%97%AC-%EC%8B%A0%EC%B2%AD,301
www.jjyu.co.kr/w/%ED%98%B8%ED%85%94%20%EA%B3%84%EC%A0%88%EC%A7%81%20%EC%8B%A4%EC%97%85%EA%B8%89%EC%97%AC,https://www.jjyu.co.kr/w/%ED%98%B8%ED%85%94-%EA%B3%84%EC%A0%88%EC%A7%81-%EB%8B%A8%EA%B8%B0%EA%B7%BC%EB%A1%9C%EC%9E%90-%EC%8B%A4%EC%97%85%EA%B8%89%EC%97%AC-%EC%8B%A0%EC%B2%AD,301
www.jjyu.co.kr/w/%ED%99%88%ED%83%9D%EC%8A%A4%20%EC%9B%94%EC%84%B8%20%EC%8B%A0%EA%B3%A0,https://www.jjyu.co.kr/w/%EC%A3%BC%ED%83%9D-%EC%9B%94%EC%84%B8-%ED%98%84%EA%B8%88%EC%98%81%EC%88%98%EC%A6%9D-%EC%8B%A0%EC%B2%AD-%EB%B0%A9%EB%B2%95,301
www.jjyu.co.kr/w/%ED%99%95%EC%A0%95%EA%B8%89%EC%97%AC%ED%98%95%20%ED%87%B4%EC%A7%81%EC%97%B0%EA%B8%88,https://www.jjyu.co.kr/w/%ED%87%B4%EC%A7%81%EC%97%B0%EA%B8%88-%EC%A2%85%EB%A5%98,301
www.jjyu.co.kr/w/%ED%99%95%EC%A0%95%EA%B8%B0%EC%97%AC%ED%98%95%20%ED%99%95%EC%A0%95%EA%B8%89%EC%97%AC%ED%98%95,https://www.jjyu.co.kr/w/%ED%87%B4%EC%A7%81%EC%97%B0%EA%B8%88-DC%ED%98%95-DB%ED%98%95-%EC%B0%A8%EC%9D%B4-%EC%A4%91%EB%8F%84-%EC%9D%B8%EC%B6%9C-%EC%82%AC%EC%9C%A0,301
www.jjyu.co.kr/w/%ED%99%95%EC%A0%95%EC%9D%BC%EC%9E%90%20%EB%B6%80%EC%97%AC%20%ED%98%84%ED%99%A9,https://www.jjyu.co.kr/w/%ED%99%95%EC%A0%95%EC%9D%BC%EC%9E%90-%EB%B6%80%EC%97%AC-%ED%98%84%ED%99%A9-%EC%A1%B0%ED%9A%8C-%EB%B0%8F-%EC%A0%84%EC%9E%85%EC%8B%A0%EA%B3%A0-%EC%9D%B8%ED%84%B0%EB%84%B7-%EC%8B%A0%EC%B2%AD,301
www.jjyu.co.kr/w/%ED%99%95%EC%A0%95%EC%9D%BC%EC%9E%90%20%EC%98%A8%EB%9D%BC%EC%9D%B8%20%EC%8B%A0%EC%B2%AD,https://www.jjyu.co.kr/w/%ED%99%95%EC%A0%95%EC%9D%BC%EC%9E%90-%EB%B6%80%EC%97%AC-%ED%98%84%ED%99%A9-%EC%A1%B0%ED%9A%8C-%EB%B0%8F-%EC%A0%84%EC%9E%85%EC%8B%A0%EA%B3%A0-%EC%9D%B8%ED%84%B0%EB%84%B7-%EC%8B%A0%EC%B2%AD,301
www.jjyu.co.kr/w/%ED%99%95%EC%A0%95%EC%9D%BC%EC%9E%90%20%EC%A1%B0%ED%9A%8C%20%EB%B0%A9%EB%B2%95,https://www.jjyu.co.kr/w/%ED%99%95%EC%A0%95%EC%9D%BC%EC%9E%90-%EB%B6%80%EC%97%AC-%ED%98%84%ED%99%A9-%EC%A1%B0%ED%9A%8C-%EB%B0%8F-%EC%A0%84%EC%9E%85%EC%8B%A0%EA%B3%A0-%EC%9D%B8%ED%84%B0%EB%84%B7-%EC%8B%A0%EC%B2%AD,301
www.jjyu.co.kr/w/%ED%9C%B4%EC%9D%BC%EA%B7%BC%EB%A1%9C%20%EA%B0%80%EC%82%B0%EC%9C%A8,https://www.jjyu.co.kr/w/%ED%9C%B4%EC%9D%BC%EA%B7%BC%EB%A1%9C-%EC%88%98%EB%8B%B9-%EA%B3%84%EC%82%B0-%EB%B0%A9%EB%B2%95,301
www.jjyu.co.kr/w/%ED%9C%B4%EC%9D%BC%EA%B7%BC%EB%A1%9C%20%EB%8C%80%EC%B2%B4%ED%9C%B4%EB%AC%B4,https://www.jjyu.co.kr/w/%ED%9C%B4%EC%9D%BC%EA%B7%BC%EB%A1%9C-%EC%88%98%EB%8B%B9-%EA%B3%84%EC%82%B0-%EB%B0%A9%EB%B2%95,301
www.jjyu.co.kr/w/%ED%9C%B4%EC%9D%BC%EA%B7%BC%EB%A1%9C%20%EC%88%98%EB%8B%B9,https://www.jjyu.co.kr/w/%ED%9C%B4%EC%9D%BC%EA%B7%BC%EB%A1%9C-%EC%88%98%EB%8B%B9-%EA%B3%84%EC%82%B0-%EB%B0%A9%EB%B2%95,301
www.jjyu.co.kr/w/%ED%9C%B4%EC%9D%BC%EA%B7%BC%EB%A1%9C%20%EC%88%98%EB%8B%B9%20%EA%B3%84%EC%82%B0,https://www.jjyu.co.kr/w/%ED%9C%B4%EC%9D%BC%EA%B7%BC%EB%A1%9C-%EC%88%98%EB%8B%B9-%EA%B3%84%EC%82%B0-%EB%B0%A9%EB%B2%95,301
www.jjyu.co.kr/w/%ED%9D%AC%EB%A7%9D%EB%A6%AC%ED%84%B4%ED%8C%A8%ED%82%A4%EC%A7%80,https://www.jjyu.co.kr/w/%ED%9D%AC%EB%A7%9D%EB%A6%AC%ED%84%B4%ED%8C%A8%ED%82%A4%EC%A7%80-%EC%9B%90%EC%8A%A4%ED%86%B1%ED%8F%90%EC%97%85%EC%A7%80%EC%9B%90-%EC%8B%A0%EC%B2%AD-%EB%B0%A9%EB%B2%95,301
www.jjyu.co.kr/w/%ED%9D%AC%EB%A7%9D%EB%A6%AC%ED%84%B4%ED%8C%A8%ED%82%A4%EC%A7%80%20%EC%8B%A0%EC%B2%AD,https://www.jjyu.co.kr/w/%ED%9D%AC%EB%A7%9D%EB%A6%AC%ED%84%B4%ED%8C%A8%ED%82%A4%EC%A7%80-%EC%9B%90%EC%8A%A4%ED%86%B1%ED%8F%90%EC%97%85%EC%A7%80%EC%9B%90-%EC%8B%A0%EC%B2%AD-%EB%B0%A9%EB%B2%95,301
